record_id,cycle_id,teacher_sequence,algorithm_id,algorithm_version,input_parameters,algorithm_decision,confidence_score,execution_context,performance_metrics,cultural_compliance,mathematical_poetry_score,predicted_outcomes,resource_allocation,timestamp_started,timestamp_completed,created_at,message_processing_context,character_selection_reasoning
#800105,#800101,1,chatbot3000_conversation,1.0.0,"{""user_message"": ""Test with complete TSE system"", ""conversation_context"": {}, ""character_traits_used"": [{""category"": ""Cognitive"", ""hex_color"": ""#8A2BE2"", ""trait_name"": ""Systems Thinking""}]}","{""conversation_flow"": ""standard_response"", ""response_generated"": ""I understand you're asking about \""Test with complete TSE system\"". Based on my analysis of 1 relevant character traits, I can help you with that. The traits I'm considering include Systems Thinking."", ""character_selection"": {""category"": ""Cognitive"", ""hex_color"": ""#8A2BE2"", ""trait_name"": ""Systems Thinking""}}",0.850000,"{""system_load"": {""cpu_usage"": 0.3, ""memory_usage"": 0.4, ""active_connections"": 10}, ""resource_tier"": ""TIER_1"", ""execution_environment"": ""production""}","{""cpu_utilization"": 0.1, ""memory_usage_mb"": 12, ""execution_time_ms"": 258}","{""violations"": [], ""overall_compliance"": 0.9257142857142855, ""excellence_achieved"": false, ""commandment_adherence"": {""one_task"": 0.92, ""clean_slate"": 0.88, ""master_craft"": 0.85, ""surgical_precision"": 0.95, ""full_accountability"": 0.98, ""reflective_intelligence"": 0.9, ""no_external_dependencies"": 1}}",0.790000,"{""user_satisfaction_predicted"": 0.8, ""conversation_continuation_likely"": 0.75}","{""tier"": ""TIER_1"", ""allocated_cpu"": ""50%"", ""allocated_memory"": ""50%""}",2025-07-12 03:33:23.963+00,2025-07-12 03:33:24.641+00,2025-07-12 03:33:24.656691,,
#8A0000,#800336,1,chat_algorithm,1.0.0,{},"{""selected_character"": ""claude_tanuki""}",0.900000,{},{},{},,{},{},2025-07-14 05:17:56.491414+00,2025-07-14 05:17:56.491414+00,2025-07-14 05:17:56.491414,{},User mentioned anime character
#8A0001,#80033A,1,chat_algorithm,1.0.0,{},{},,{},{},{},,{},{},2025-07-14 13:20:13.86405+00,2025-07-14 13:20:13.86405+00,2025-07-14 13:20:13.86405,{},
#8A0002,#80033B,1,chat_algorithm,1.0.0,{},{},,{},{},{},,{},{},2025-07-16 12:10:37.300941+00,2025-07-16 12:10:37.300941+00,2025-07-16 12:10:37.300941,{},
#8A0003,#80033C,1,chat_algorithm,1.0.0,{},{},,{},{},{},,{},{},2025-07-16 12:23:38.957366+00,2025-07-16 12:23:38.957366+00,2025-07-16 12:23:38.957366,{},
#8A0004,#80033D,1,chat_algorithm,1.0.0,{},{},,{},{},{},,{},{},2025-07-16 12:42:26.739967+00,2025-07-16 12:42:26.739967+00,2025-07-16 12:42:26.739967,{},
#8A0005,#80033E,1,chat_algorithm,1.0.0,{},{},,{},{},{},,{},{},2025-07-16 12:42:40.125325+00,2025-07-16 12:42:40.125325+00,2025-07-16 12:42:40.125325,{},
#8A0006,#80033F,1,chat_algorithm,1.0.0,{},{},,{},{},{},,{},{},2025-07-16 12:43:47.544255+00,2025-07-16 12:43:47.544255+00,2025-07-16 12:43:47.544255,{},
#8A0007,#800340,1,chat_algorithm,1.0.0,{},{},,{},{},{},,{},{},2025-07-16 12:46:19.794488+00,2025-07-16 12:46:19.794488+00,2025-07-16 12:46:19.794488,{},
#8A0008,#800341,1,chat_algorithm,1.0.0,{},{},,{},{},{},,{},{},2025-07-16 13:10:13.819733+00,2025-07-16 13:10:13.819733+00,2025-07-16 13:10:13.819733,{},
#8A0009,#800342,1,chat_algorithm,1.0.0,{},{},,{},{},{},,{},{},2025-07-16 22:00:15.560731+00,2025-07-16 22:00:15.560731+00,2025-07-16 22:00:15.560731,{},
#8A000A,#800343,1,chat_algorithm,1.0.0,{},{},,{},{},{},,{},{},2025-07-17 01:41:26.460529+00,2025-07-17 01:41:26.460529+00,2025-07-17 01:41:26.460529,{},
#8A000B,#800344,1,chat_algorithm,1.0.0,{},{},,{},{},{},,{},{},2025-07-17 01:41:46.353441+00,2025-07-17 01:41:46.353441+00,2025-07-17 01:41:46.353441,{},
#8A000C,#800345,1,chat_algorithm,1.0.0,{},{},,{},{},{},,{},{},2025-07-17 09:50:34.287998+00,2025-07-17 09:50:34.287998+00,2025-07-17 09:50:34.287998,{},
#8A000D,#800346,1,chat_algorithm,1.0.0,{},{},,{},{},{},,{},{},2025-07-17 10:00:28.266579+00,2025-07-17 10:00:28.266579+00,2025-07-17 10:00:28.266579,{},
#8A000E,#800347,1,chat_algorithm,1.0.0,{},{},,{},{},{},,{},{},2025-07-17 10:00:39.479965+00,2025-07-17 10:00:39.479965+00,2025-07-17 10:00:39.479965,{},
#8A000F,#800348,1,chat_algorithm,1.0.0,{},{},,{},{},{},,{},{},2025-07-17 10:24:56.025077+00,2025-07-17 10:24:56.025077+00,2025-07-17 10:24:56.025077,{},
#8A0010,#800349,1,chat_algorithm,1.0.0,{},{},,{},{},{},,{},{},2025-07-17 10:25:04.525631+00,2025-07-17 10:25:04.525631+00,2025-07-17 10:25:04.525631,{},
#8A0011,#80034A,1,chat_algorithm,1.0.0,{},{},,{},{},{},,{},{},2025-07-17 10:46:48.285209+00,2025-07-17 10:46:48.285209+00,2025-07-17 10:46:48.285209,{},
#8A0012,#80034B,1,chat_algorithm,1.0.0,{},{},,{},{},{},,{},{},2025-07-17 10:55:13.213322+00,2025-07-17 10:55:13.213322+00,2025-07-17 10:55:13.213322,{},
#8A0013,#80034C,1,chat_algorithm,1.0.0,{},{},,{},{},{},,{},{},2025-07-17 10:55:29.862559+00,2025-07-17 10:55:29.862559+00,2025-07-17 10:55:29.862559,{},
#8A0014,#80034D,1,chat_algorithm,1.0.0,{},{},,{},{},{},,{},{},2025-07-17 11:11:59.111849+00,2025-07-17 11:11:59.111849+00,2025-07-17 11:11:59.111849,{},
#8A0015,#80034E,1,chat_algorithm,1.0.0,{},{},,{},{},{},,{},{},2025-07-17 11:12:12.086205+00,2025-07-17 11:12:12.086205+00,2025-07-17 11:12:12.086205,{},
#8A0016,#80034F,1,chat_algorithm,1.0.0,{},{},,{},{},{},,{},{},2025-07-17 11:12:28.626873+00,2025-07-17 11:12:28.626873+00,2025-07-17 11:12:28.626873,{},
#8A0017,#800350,1,chat_algorithm,1.0.0,{},{},,{},{},{},,{},{},2025-07-17 11:31:52.065357+00,2025-07-17 11:31:52.065357+00,2025-07-17 11:31:52.065357,{},
#8A0018,#800351,1,chat_algorithm,1.0.0,{},{},,{},{},{},,{},{},2025-07-17 11:32:17.37189+00,2025-07-17 11:32:17.37189+00,2025-07-17 11:32:17.37189,{},
#8A0019,#800352,1,chat_algorithm,1.0.0,{},{},,{},{},{},,{},{},2025-07-17 11:32:43.067993+00,2025-07-17 11:32:43.067993+00,2025-07-17 11:32:43.067993,{},
#8A001A,#800353,1,chat_algorithm,1.0.0,{},{},,{},{},{},,{},{},2025-07-17 11:46:18.668624+00,2025-07-17 11:46:18.668624+00,2025-07-17 11:46:18.668624,{},
#8A001B,#800354,1,chat_algorithm,1.0.0,{},{},,{},{},{},,{},{},2025-07-17 11:46:31.005362+00,2025-07-17 11:46:31.005362+00,2025-07-17 11:46:31.005362,{},
#8A001C,#800355,1,chat_algorithm,1.0.0,{},{},,{},{},{},,{},{},2025-07-17 14:11:55.836571+00,2025-07-17 14:11:55.836571+00,2025-07-17 14:11:55.836571,{},
#8A001D,#800356,1,chat_algorithm,1.0.0,{},{},,{},{},{},,{},{},2025-07-17 14:12:04.741745+00,2025-07-17 14:12:04.741745+00,2025-07-17 14:12:04.741745,{},
#8A001E,#800357,1,chat_algorithm,1.0.0,{},{},,{},{},{},,{},{},2025-07-17 14:36:35.336033+00,2025-07-17 14:36:35.336033+00,2025-07-17 14:36:35.336033,{},
#8A001F,#800358,1,chat_algorithm,1.0.0,{},{},,{},{},{},,{},{},2025-07-17 14:36:48.241933+00,2025-07-17 14:36:48.241933+00,2025-07-17 14:36:48.241933,{},
#8A0020,#800359,1,chat_algorithm,1.0.0,{},{},,{},{},{},,{},{},2025-07-17 14:36:56.361818+00,2025-07-17 14:36:56.361818+00,2025-07-17 14:36:56.361818,{},
#8A0021,#80035A,1,chat_algorithm,1.0.0,{},{},,{},{},{},,{},{},2025-07-17 14:38:53.84619+00,2025-07-17 14:38:53.84619+00,2025-07-17 14:38:53.84619,{},
#8A0022,#80035B,1,chat_algorithm,1.0.0,{},{},,{},{},{},,{},{},2025-07-17 14:39:01.298108+00,2025-07-17 14:39:01.298108+00,2025-07-17 14:39:01.298108,{},
#8A0023,#80035C,1,chat_algorithm,1.0.0,{},{},,{},{},{},,{},{},2025-07-17 14:39:18.353+00,2025-07-17 14:39:18.353+00,2025-07-17 14:39:18.353,{},
#8A0024,#80035D,1,chat_algorithm,1.0.0,{},{},,{},{},{},,{},{},2025-07-17 14:39:31.356955+00,2025-07-17 14:39:31.356955+00,2025-07-17 14:39:31.356955,{},
#8A0025,#80035E,1,chat_algorithm,1.0.0,{},{},,{},{},{},,{},{},2025-07-17 14:39:44.688366+00,2025-07-17 14:39:44.688366+00,2025-07-17 14:39:44.688366,{},
#8A0026,#80035F,1,chat_algorithm,1.0.0,{},{},,{},{},{},,{},{},2025-07-17 20:51:37.091957+00,2025-07-17 20:51:37.091957+00,2025-07-17 20:51:37.091957,{},
#8A0027,#800360,1,chat_algorithm,1.0.0,{},{},,{},{},{},,{},{},2025-07-17 20:51:43.320079+00,2025-07-17 20:51:43.320079+00,2025-07-17 20:51:43.320079,{},
#8A0028,#800361,1,chat_algorithm,1.0.0,{},{},,{},{},{},,{},{},2025-07-17 20:52:02.974853+00,2025-07-17 20:52:02.974853+00,2025-07-17 20:52:02.974853,{},
#8A0029,#800362,1,chat_algorithm,1.0.0,{},{},,{},{},{},,{},{},2025-07-17 20:52:15.662595+00,2025-07-17 20:52:15.662595+00,2025-07-17 20:52:15.662595,{},
#8A002A,#800363,1,chat_algorithm,1.0.0,{},{},,{},{},{},,{},{},2025-07-17 20:53:48.630867+00,2025-07-17 20:53:48.630867+00,2025-07-17 20:53:48.630867,{},
#8A002B,#800364,1,chat_algorithm,1.0.0,{},{},,{},{},{},,{},{},2025-07-17 20:53:54.805742+00,2025-07-17 20:53:54.805742+00,2025-07-17 20:53:54.805742,{},
#8A002C,#800365,1,chat_algorithm,1.0.0,{},{},,{},{},{},,{},{},2025-07-20 00:36:48.947087+00,2025-07-20 00:36:48.947087+00,2025-07-20 00:36:48.947087,{},
#8A002D,#800366,1,chat_algorithm,1.0.0,{},{},,{},{},{},,{},{},2025-07-20 01:18:02.880031+00,2025-07-20 01:18:02.880031+00,2025-07-20 01:18:02.880031,{},
#8A002E,#800367,1,chat_algorithm,1.0.0,{},{},,{},{},{},,{},{},2025-07-20 01:44:52.891501+00,2025-07-20 01:44:52.891501+00,2025-07-20 01:44:52.891501,{},
#8A002F,#800368,1,chat_algorithm,1.0.0,{},{},,{},{},{},,{},{},2025-07-20 01:45:16.361204+00,2025-07-20 01:45:16.361204+00,2025-07-20 01:45:16.361204,{},
#8A0030,#800369,1,chat_algorithm,1.0.0,{},{},,{},{},{},,{},{},2025-07-20 02:09:56.402347+00,2025-07-20 02:09:56.402347+00,2025-07-20 02:09:56.402347,{},
#8A0031,#80036A,1,chat_algorithm,1.0.0,{},{},,{},{},{},,{},{},2025-07-20 02:10:13.036713+00,2025-07-20 02:10:13.036713+00,2025-07-20 02:10:13.036713,{},
#8A0032,#80036B,1,chat_algorithm,1.0.0,{},{},,{},{},{},,{},{},2025-07-20 02:22:00.529778+00,2025-07-20 02:22:00.529778+00,2025-07-20 02:22:00.529778,{},
#8A0033,#80036C,1,chat_algorithm,1.0.0,{},{},,{},{},{},,{},{},2025-07-20 02:22:23.487147+00,2025-07-20 02:22:23.487147+00,2025-07-20 02:22:23.487147,{},
#8A0034,#80036D,1,chat_algorithm,1.0.0,{},{},,{},{},{},,{},{},2025-07-20 02:25:35.48361+00,2025-07-20 02:25:35.48361+00,2025-07-20 02:25:35.48361,{},
#8A0035,#80036E,1,chat_algorithm,1.0.0,{},{},,{},{},{},,{},{},2025-07-20 08:17:11.322011+00,2025-07-20 08:17:11.322011+00,2025-07-20 08:17:11.322011,{},
#8A0036,#80036F,1,chat_algorithm,1.0.0,{},{},,{},{},{},,{},{},2025-07-20 08:17:31.432275+00,2025-07-20 08:17:31.432275+00,2025-07-20 08:17:31.432275,{},
#8A0037,#800374,1,chat_algorithm,1.0.0,{},"{""prediction"": ""chat_response_needed""}",0.800000,{},{},{},,"{""response_quality"": ""good"", ""success_probability"": 0.7}",{},2025-07-25 11:25:05.897658+00,2025-07-25 11:25:05.897658+00,2025-07-25 11:25:05.897658,"{""input_type"": ""user_query""}",Character selected based on user input pattern
#8A0038,#800375,1,chat_algorithm,1.0.0,{},"{""prediction"": ""chat_response_needed""}",0.800000,{},{},{},,"{""response_quality"": ""good"", ""success_probability"": 0.7}",{},2025-07-25 11:28:21.08589+00,2025-07-25 11:28:21.08589+00,2025-07-25 11:28:21.08589,"{""input_type"": ""user_query""}",Character selected based on user input pattern
#8A0039,#800376,1,chat_algorithm,1.0.0,{},"{""prediction"": ""chat_response_needed""}",0.800000,{},{},{},,"{""response_quality"": ""good"", ""success_probability"": 0.7}",{},2025-07-25 11:31:43.900396+00,2025-07-25 11:31:43.900396+00,2025-07-25 11:31:43.900396,"{""input_type"": ""user_query""}",Character selected based on user input pattern
#8A003A,#800377,1,chat_algorithm,1.0.0,{},"{""prediction"": ""chat_response_needed""}",0.800000,{},{},{},,"{""response_quality"": ""good"", ""success_probability"": 0.7}",{},2025-07-25 22:17:55.54167+00,2025-07-25 22:17:55.54167+00,2025-07-25 22:17:55.54167,"{""input_type"": ""user_query""}",Character selected based on user input pattern
#8A003B,#800378,1,chat_algorithm,1.0.0,{},"{""prediction"": ""chat_response_needed""}",0.800000,{},{},{},,"{""response_quality"": ""good"", ""success_probability"": 0.7}",{},2025-07-25 23:48:44.957874+00,2025-07-25 23:48:44.957874+00,2025-07-25 23:48:44.957874,"{""input_type"": ""user_query""}",Character selected based on user input pattern
#8A003C,#800379,1,chat_algorithm,1.0.0,{},"{""prediction"": ""chat_response_needed""}",0.800000,{},{},{},,"{""response_quality"": ""good"", ""success_probability"": 0.7}",{},2025-07-26 00:33:00.92346+00,2025-07-26 00:33:00.92346+00,2025-07-26 00:33:00.92346,"{""input_type"": ""user_query""}",Character selected based on user input pattern
#8A003D,#80037A,1,chat_algorithm,1.0.0,{},"{""prediction"": ""chat_response_needed""}",0.800000,{},{},{},,"{""response_quality"": ""good"", ""success_probability"": 0.7}",{},2025-07-26 00:53:59.570172+00,2025-07-26 00:53:59.570172+00,2025-07-26 00:53:59.570172,"{""input_type"": ""user_query""}",Character selected based on user input pattern
#8A003E,#80037B,1,chat_algorithm,1.0.0,{},"{""prediction"": ""chat_response_needed""}",0.800000,{},{},{},,"{""response_quality"": ""good"", ""success_probability"": 0.7}",{},2025-07-26 00:56:01.455691+00,2025-07-26 00:56:01.455691+00,2025-07-26 00:56:01.455691,"{""input_type"": ""user_query""}",Character selected based on user input pattern
#8A003F,#80037C,1,chat_algorithm,1.0.0,{},"{""prediction"": ""chat_response_needed""}",0.800000,{},{},{},,"{""response_quality"": ""good"", ""success_probability"": 0.7}",{},2025-07-26 00:57:30.504876+00,2025-07-26 00:57:30.504876+00,2025-07-26 00:57:30.504876,"{""input_type"": ""user_query""}",Character selected based on user input pattern
#8A0040,#80037D,1,chat_algorithm,1.0.0,{},"{""prediction"": ""chat_response_needed""}",0.800000,{},{},{},,"{""response_quality"": ""good"", ""success_probability"": 0.7}",{},2025-07-26 01:05:16.929058+00,2025-07-26 01:05:16.929058+00,2025-07-26 01:05:16.929058,"{""input_type"": ""user_query""}",Character selected based on user input pattern
#8A0041,#80037E,1,chat_algorithm,1.0.0,{},"{""prediction"": ""chat_response_needed""}",0.800000,{},{},{},,"{""response_quality"": ""good"", ""success_probability"": 0.7}",{},2025-07-26 01:08:20.905654+00,2025-07-26 01:08:20.905654+00,2025-07-26 01:08:20.905654,"{""input_type"": ""user_query""}",Character selected based on user input pattern
#8A0042,#80037F,1,chat_algorithm,1.0.0,{},"{""prediction"": ""chat_response_needed""}",0.800000,{},{},{},,"{""response_quality"": ""good"", ""success_probability"": 0.7}",{},2025-07-26 01:14:23.983791+00,2025-07-26 01:14:23.983791+00,2025-07-26 01:14:23.983791,"{""input_type"": ""user_query""}",Character selected based on user input pattern
#8A0043,#800380,1,chat_algorithm,1.0.0,{},"{""prediction"": ""chat_response_needed""}",0.800000,{},{},{},,"{""response_quality"": ""good"", ""success_probability"": 0.7}",{},2025-07-26 01:17:56.512941+00,2025-07-26 01:17:56.512941+00,2025-07-26 01:17:56.512941,"{""input_type"": ""user_query""}",Character selected based on user input pattern
#8A0044,#800381,1,chat_algorithm,1.0.0,{},"{""prediction"": ""chat_response_needed""}",0.800000,{},{},{},,"{""response_quality"": ""good"", ""success_probability"": 0.7}",{},2025-07-26 01:21:07.654331+00,2025-07-26 01:21:07.654331+00,2025-07-26 01:21:07.654331,"{""input_type"": ""user_query""}",Character selected based on user input pattern
#8A0045,#800382,1,chat_algorithm,1.0.0,{},"{""prediction"": ""chat_response_needed""}",0.800000,{},{},{},,"{""response_quality"": ""good"", ""success_probability"": 0.7}",{},2025-07-26 01:28:13.877068+00,2025-07-26 01:28:13.877068+00,2025-07-26 01:28:13.877068,"{""input_type"": ""user_query""}",Character selected based on user input pattern
#8A0046,#800383,1,chat_algorithm,1.0.0,{},"{""prediction"": ""chat_response_needed""}",0.800000,{},{},{},,"{""response_quality"": ""good"", ""success_probability"": 0.7}",{},2025-07-26 01:30:39.902169+00,2025-07-26 01:30:39.902169+00,2025-07-26 01:30:39.902169,"{""input_type"": ""user_query""}",Character selected based on user input pattern
#8A0047,#800384,1,chat_algorithm,1.0.0,{},"{""prediction"": ""chat_response_needed""}",0.800000,{},{},{},,"{""response_quality"": ""good"", ""success_probability"": 0.7}",{},2025-07-26 05:31:14.444289+00,2025-07-26 05:31:14.444289+00,2025-07-26 05:31:14.444289,"{""input_type"": ""user_query""}",Character selected based on user input pattern
#8A0048,#800385,1,chat_algorithm,1.0.0,{},"{""prediction"": ""chat_response_needed""}",0.800000,{},{},{},,"{""response_quality"": ""good"", ""success_probability"": 0.7}",{},2025-07-26 05:34:47.08847+00,2025-07-26 05:34:47.08847+00,2025-07-26 05:34:47.08847,"{""input_type"": ""user_query""}",Character selected based on user input pattern
#8A0049,#800386,1,chat_algorithm,1.0.0,{},"{""prediction"": ""chat_response_needed""}",0.800000,{},{},{},,"{""response_quality"": ""good"", ""success_probability"": 0.7}",{},2025-07-26 05:37:56.055383+00,2025-07-26 05:37:56.055383+00,2025-07-26 05:37:56.055383,"{""input_type"": ""user_query""}",Character selected based on user input pattern
#8A004A,#800387,1,chat_algorithm,1.0.0,{},"{""prediction"": ""chat_response_needed""}",0.800000,{},{},{},,"{""response_quality"": ""good"", ""success_probability"": 0.7}",{},2025-07-26 05:41:13.333898+00,2025-07-26 05:41:13.333898+00,2025-07-26 05:41:13.333898,"{""input_type"": ""user_query""}",Character selected based on user input pattern
#8A004B,#800388,1,chat_algorithm,1.0.0,{},"{""prediction"": ""chat_response_needed""}",0.800000,{},{},{},,"{""response_quality"": ""good"", ""success_probability"": 0.7}",{},2025-07-26 05:42:57.676863+00,2025-07-26 05:42:57.676863+00,2025-07-26 05:42:57.676863,"{""input_type"": ""user_query""}",Character selected based on user input pattern
#8A004C,#800389,1,chat_algorithm,1.0.0,{},"{""prediction"": ""chat_response_needed""}",0.800000,{},{},{},,"{""response_quality"": ""good"", ""success_probability"": 0.7}",{},2025-07-26 05:44:53.580703+00,2025-07-26 05:44:53.580703+00,2025-07-26 05:44:53.580703,"{""input_type"": ""user_query""}",Character selected based on user input pattern
#8A004D,#80038A,1,chat_algorithm,1.0.0,{},"{""prediction"": ""chat_response_needed""}",0.800000,{},{},{},,"{""response_quality"": ""good"", ""success_probability"": 0.7}",{},2025-07-26 06:05:58.296369+00,2025-07-26 06:05:58.296369+00,2025-07-26 06:05:58.296369,"{""input_type"": ""user_query""}",Character selected based on user input pattern
#8A004E,#80038B,1,chat_algorithm,1.0.0,{},"{""prediction"": ""chat_response_needed""}",0.800000,{},{},{},,"{""response_quality"": ""good"", ""success_probability"": 0.7}",{},2025-07-26 06:07:39.201126+00,2025-07-26 06:07:39.201126+00,2025-07-26 06:07:39.201126,"{""input_type"": ""user_query""}",Character selected based on user input pattern
#8A004F,#80038C,1,chat_algorithm,1.0.0,{},"{""prediction"": ""chat_response_needed""}",0.800000,{},{},{},,"{""response_quality"": ""good"", ""success_probability"": 0.7}",{},2025-07-26 06:11:29.555388+00,2025-07-26 06:11:29.555388+00,2025-07-26 06:11:29.555388,"{""input_type"": ""user_query""}",Character selected based on user input pattern
#8A0050,#80038D,1,chat_algorithm,1.0.0,{},"{""prediction"": ""chat_response_needed""}",0.800000,{},{},{},,"{""response_quality"": ""good"", ""success_probability"": 0.7}",{},2025-07-26 06:13:30.475754+00,2025-07-26 06:13:30.475754+00,2025-07-26 06:13:30.475754,"{""input_type"": ""user_query""}",Character selected based on user input pattern
#8A0051,#80038E,1,chat_algorithm,1.0.0,{},"{""prediction"": ""chat_response_needed""}",0.800000,{},{},{},,"{""response_quality"": ""good"", ""success_probability"": 0.7}",{},2025-07-26 06:15:19.897374+00,2025-07-26 06:15:19.897374+00,2025-07-26 06:15:19.897374,"{""input_type"": ""user_query""}",Character selected based on user input pattern
#8A0052,#80038F,1,chat_algorithm,1.0.0,{},"{""prediction"": ""chat_response_needed""}",0.800000,{},{},{},,"{""response_quality"": ""good"", ""success_probability"": 0.7}",{},2025-07-26 06:18:01.200947+00,2025-07-26 06:18:01.200947+00,2025-07-26 06:18:01.200947,"{""input_type"": ""user_query""}",Character selected based on user input pattern
#8A0053,#800390,1,chat_algorithm,1.0.0,{},"{""prediction"": ""chat_response_needed""}",0.800000,{},{},{},,"{""response_quality"": ""good"", ""success_probability"": 0.7}",{},2025-07-26 06:19:10.405505+00,2025-07-26 06:19:10.405505+00,2025-07-26 06:19:10.405505,"{""input_type"": ""user_query""}",Character selected based on user input pattern
#8A0054,#800391,1,chat_algorithm,1.0.0,{},"{""prediction"": ""chat_response_needed""}",0.800000,{},{},{},,"{""response_quality"": ""good"", ""success_probability"": 0.7}",{},2025-07-26 06:20:59.823731+00,2025-07-26 06:20:59.823731+00,2025-07-26 06:20:59.823731,"{""input_type"": ""user_query""}",Character selected based on user input pattern
#8A0055,#800392,1,chat_algorithm,1.0.0,{},"{""prediction"": ""chat_response_needed""}",0.800000,{},{},{},,"{""response_quality"": ""good"", ""success_probability"": 0.7}",{},2025-07-26 06:27:43.557688+00,2025-07-26 06:27:43.557688+00,2025-07-26 06:27:43.557688,"{""input_type"": ""user_query""}",Character selected based on user input pattern
#8A0056,#800393,1,chat_algorithm,1.0.0,{},"{""prediction"": ""chat_response_needed""}",0.800000,{},{},{},,"{""response_quality"": ""good"", ""success_probability"": 0.7}",{},2025-07-26 06:49:44.903909+00,2025-07-26 06:49:44.903909+00,2025-07-26 06:49:44.903909,"{""input_type"": ""user_query""}",Character selected based on user input pattern
#8A0057,#800394,1,chat_algorithm,1.0.0,{},"{""prediction"": ""chat_response_needed""}",0.800000,{},{},{},,"{""response_quality"": ""good"", ""success_probability"": 0.7}",{},2025-07-26 06:52:16.300023+00,2025-07-26 06:52:16.300023+00,2025-07-26 06:52:16.300023,"{""input_type"": ""user_query""}",Character selected based on user input pattern
#8A0058,#800395,1,chat_algorithm,1.0.0,{},"{""prediction"": ""chat_response_needed""}",0.800000,{},{},{},,"{""response_quality"": ""good"", ""success_probability"": 0.7}",{},2025-07-26 06:58:58.103344+00,2025-07-26 06:58:58.103344+00,2025-07-26 06:58:58.103344,"{""input_type"": ""user_query""}",Character selected based on user input pattern
#8A0059,#800396,1,chat_algorithm,1.0.0,{},"{""prediction"": ""chat_response_needed""}",0.800000,{},{},{},,"{""response_quality"": ""good"", ""success_probability"": 0.7}",{},2025-07-26 07:01:34.283419+00,2025-07-26 07:01:34.283419+00,2025-07-26 07:01:34.283419,"{""input_type"": ""user_query""}",Character selected based on user input pattern
#8A005A,#800397,1,chat_algorithm,1.0.0,{},"{""prediction"": ""chat_response_needed""}",0.800000,{},{},{},,"{""response_quality"": ""good"", ""success_probability"": 0.7}",{},2025-07-26 07:03:13.350439+00,2025-07-26 07:03:13.350439+00,2025-07-26 07:03:13.350439,"{""input_type"": ""user_query""}",Character selected based on user input pattern
#8A005B,#800398,1,chat_algorithm,1.0.0,{},"{""prediction"": ""chat_response_needed""}",0.800000,{},{},{},,"{""response_quality"": ""good"", ""success_probability"": 0.7}",{},2025-07-26 07:05:01.23856+00,2025-07-26 07:05:01.23856+00,2025-07-26 07:05:01.23856,"{""input_type"": ""user_query""}",Character selected based on user input pattern
#8A005C,#800399,1,chat_algorithm,1.0.0,{},"{""prediction"": ""chat_response_needed""}",0.800000,{},{},{},,"{""response_quality"": ""good"", ""success_probability"": 0.7}",{},2025-07-26 07:09:22.487068+00,2025-07-26 07:09:22.487068+00,2025-07-26 07:09:22.487068,"{""input_type"": ""user_query""}",Character selected based on user input pattern
#8A005D,#80039A,1,chat_algorithm,1.0.0,{},"{""prediction"": ""chat_response_needed""}",0.800000,{},{},{},,"{""response_quality"": ""good"", ""success_probability"": 0.7}",{},2025-07-26 07:39:31.068401+00,2025-07-26 07:39:31.068401+00,2025-07-26 07:39:31.068401,"{""input_type"": ""user_query""}",Character selected based on user input pattern
#8A005E,#80039B,1,chat_algorithm,1.0.0,{},"{""prediction"": ""chat_response_needed""}",0.800000,{},{},{},,"{""response_quality"": ""good"", ""success_probability"": 0.7}",{},2025-07-26 07:44:03.193573+00,2025-07-26 07:44:03.193573+00,2025-07-26 07:44:03.193573,"{""input_type"": ""user_query""}",Character selected based on user input pattern
#8A005F,#80039C,1,chat_algorithm,1.0.0,{},"{""prediction"": ""chat_response_needed""}",0.800000,{},{},{},,"{""response_quality"": ""good"", ""success_probability"": 0.7}",{},2025-07-26 07:51:32.724074+00,2025-07-26 07:51:32.724074+00,2025-07-26 07:51:32.724074,"{""input_type"": ""user_query""}",Character selected based on user input pattern
#8A0060,#80039D,1,chat_algorithm,1.0.0,{},"{""prediction"": ""chat_response_needed""}",0.800000,{},{},{},,"{""response_quality"": ""good"", ""success_probability"": 0.7}",{},2025-07-26 07:58:25.26389+00,2025-07-26 07:58:25.26389+00,2025-07-26 07:58:25.26389,"{""input_type"": ""user_query""}",Character selected based on user input pattern
#8A0061,#80039E,1,chat_algorithm,1.0.0,{},"{""prediction"": ""chat_response_needed""}",0.800000,{},{},{},,"{""response_quality"": ""good"", ""success_probability"": 0.7}",{},2025-07-26 08:03:48.62757+00,2025-07-26 08:03:48.62757+00,2025-07-26 08:03:48.62757,"{""input_type"": ""user_query""}",Character selected based on user input pattern
#8A0062,#80039F,1,chat_algorithm,1.0.0,{},"{""prediction"": ""chat_response_needed""}",0.800000,{},{},{},,"{""response_quality"": ""good"", ""success_probability"": 0.7}",{},2025-07-26 08:06:18.312472+00,2025-07-26 08:06:18.312472+00,2025-07-26 08:06:18.312472,"{""input_type"": ""user_query""}",Character selected based on user input pattern
#8A0063,#8003A0,1,chat_algorithm,1.0.0,{},"{""prediction"": ""chat_response_needed""}",0.800000,{},{},{},,"{""response_quality"": ""good"", ""success_probability"": 0.7}",{},2025-07-26 08:09:26.638623+00,2025-07-26 08:09:26.638623+00,2025-07-26 08:09:26.638623,"{""input_type"": ""user_query""}",Character selected based on user input pattern
#8A0064,#8003A1,1,chat_algorithm,1.0.0,{},"{""prediction"": ""chat_response_needed""}",0.800000,{},{},{},,"{""response_quality"": ""good"", ""success_probability"": 0.7}",{},2025-07-26 08:15:18.547734+00,2025-07-26 08:15:18.547734+00,2025-07-26 08:15:18.547734,"{""input_type"": ""user_query""}",Character selected based on user input pattern
#8A0065,#8003A2,1,chat_algorithm,1.0.0,{},"{""prediction"": ""chat_response_needed""}",0.800000,{},{},{},,"{""response_quality"": ""good"", ""success_probability"": 0.7}",{},2025-07-26 08:21:26.298497+00,2025-07-26 08:21:26.298497+00,2025-07-26 08:21:26.298497,"{""input_type"": ""user_query""}",Character selected based on user input pattern
#8A0066,#8003A3,1,chat_algorithm,1.0.0,{},"{""prediction"": ""chat_response_needed""}",0.800000,{},{},{},,"{""response_quality"": ""good"", ""success_probability"": 0.7}",{},2025-07-26 08:24:10.546583+00,2025-07-26 08:24:10.546583+00,2025-07-26 08:24:10.546583,"{""input_type"": ""user_query""}",Character selected based on user input pattern
#8A0067,#8003A4,1,chat_algorithm,1.0.0,{},"{""prediction"": ""chat_response_needed""}",0.800000,{},{},{},,"{""response_quality"": ""good"", ""success_probability"": 0.7}",{},2025-07-26 08:31:19.867839+00,2025-07-26 08:31:19.867839+00,2025-07-26 08:31:19.867839,"{""input_type"": ""user_query""}",Character selected based on user input pattern
#8A0068,#8003A5,1,chat_algorithm,1.0.0,{},"{""prediction"": ""chat_response_needed""}",0.800000,{},{},{},,"{""response_quality"": ""good"", ""success_probability"": 0.7}",{},2025-07-26 08:32:34.754332+00,2025-07-26 08:32:34.754332+00,2025-07-26 08:32:34.754332,"{""input_type"": ""user_query""}",Character selected based on user input pattern
#8A0069,#8003A6,1,chat_algorithm,1.0.0,{},"{""prediction"": ""chat_response_needed""}",0.800000,{},{},{},,"{""response_quality"": ""good"", ""success_probability"": 0.7}",{},2025-07-26 08:32:45.179855+00,2025-07-26 08:32:45.179855+00,2025-07-26 08:32:45.179855,"{""input_type"": ""user_query""}",Character selected based on user input pattern
#8A006A,#8003A7,1,chat_algorithm,1.0.0,{},"{""prediction"": ""chat_response_needed""}",0.800000,{},{},{},,"{""response_quality"": ""good"", ""success_probability"": 0.7}",{},2025-07-26 08:35:37.47688+00,2025-07-26 08:35:37.47688+00,2025-07-26 08:35:37.47688,"{""input_type"": ""user_query""}",Character selected based on user input pattern
#8A006B,#8003A8,1,chat_algorithm,1.0.0,{},"{""prediction"": ""chat_response_needed""}",0.800000,{},{},{},,"{""response_quality"": ""good"", ""success_probability"": 0.7}",{},2025-07-26 08:35:45.989942+00,2025-07-26 08:35:45.989942+00,2025-07-26 08:35:45.989942,"{""input_type"": ""user_query""}",Character selected based on user input pattern
#8A006C,#8003A9,1,chat_algorithm,1.0.0,{},"{""prediction"": ""chat_response_needed""}",0.800000,{},{},{},,"{""response_quality"": ""good"", ""success_probability"": 0.7}",{},2025-07-26 08:38:45.316599+00,2025-07-26 08:38:45.316599+00,2025-07-26 08:38:45.316599,"{""input_type"": ""user_query""}",Character selected based on user input pattern
#8A006D,#8003AA,1,chat_algorithm,1.0.0,{},"{""prediction"": ""chat_response_needed""}",0.800000,{},{},{},,"{""response_quality"": ""good"", ""success_probability"": 0.7}",{},2025-07-26 10:13:20.752552+00,2025-07-26 10:13:20.752552+00,2025-07-26 10:13:20.752552,"{""input_type"": ""user_query""}",Character selected based on user input pattern
#8A006E,#8003AB,1,chat_algorithm,1.0.0,{},"{""prediction"": ""chat_response_needed""}",0.800000,{},{},{},,"{""response_quality"": ""good"", ""success_probability"": 0.7}",{},2025-07-26 20:25:30.813297+00,2025-07-26 20:25:30.813297+00,2025-07-26 20:25:30.813297,"{""input_type"": ""user_query""}",Character selected based on user input pattern
#8A006F,#8003AC,1,chat_algorithm,1.0.0,{},"{""prediction"": ""chat_response_needed""}",0.800000,{},{},{},,"{""response_quality"": ""good"", ""success_probability"": 0.7}",{},2025-07-26 23:16:14.542692+00,2025-07-26 23:16:14.542692+00,2025-07-26 23:16:14.542692,"{""input_type"": ""user_query""}",Character selected based on user input pattern
#8A0070,#8003AD,1,chat_algorithm,1.0.0,{},"{""prediction"": ""chat_response_needed""}",0.800000,{},{},{},,"{""response_quality"": ""good"", ""success_probability"": 0.7}",{},2025-07-26 23:16:26.357904+00,2025-07-26 23:16:26.357904+00,2025-07-26 23:16:26.357904,"{""input_type"": ""user_query""}",Character selected based on user input pattern
#8A0071,#8003AE,1,chat_algorithm,1.0.0,{},"{""action"": ""provide_coding_challenge"", ""language"": ""html"", ""difficulty"": ""beginner"", ""instruction_type"": ""challenge""}",0.900000,{},{},{},,"{""learning_impact"": ""positive"", ""expected_score_range"": [60, 90]}",{},2025-08-07 20:24:20.672249+00,2025-08-07 20:24:20.672249+00,2025-08-07 20:24:20.672249,{},Claude selected for coding training
#8A0072,#8003AF,1,chat_algorithm,1.0.0,{},"{""action"": ""provide_coding_challenge"", ""language"": ""html"", ""difficulty"": ""beginner"", ""instruction_type"": ""challenge""}",0.900000,{},{},{},,"{""learning_impact"": ""positive"", ""expected_score_range"": [60, 90]}",{},2025-08-07 21:29:27.117908+00,2025-08-07 21:29:27.117908+00,2025-08-07 21:29:27.117908,{},Claude selected for coding training
#8A0073,#8003B0,1,chat_algorithm,1.0.0,{},"{""action"": ""provide_coding_challenge"", ""language"": ""html"", ""difficulty"": ""beginner"", ""instruction_type"": ""challenge""}",0.900000,{},{},{},,"{""learning_impact"": ""positive"", ""expected_score_range"": [60, 90]}",{},2025-08-07 22:06:32.624256+00,2025-08-07 22:06:32.624256+00,2025-08-07 22:06:32.624256,{},Claude selected for coding training
#8A0074,#8003B1,1,chat_algorithm,1.0.0,{},"{""action"": ""provide_coding_challenge"", ""language"": ""html"", ""difficulty"": ""beginner"", ""instruction_type"": ""challenge""}",0.900000,{},{},{},,"{""learning_impact"": ""positive"", ""expected_score_range"": [60, 90]}",{},2025-08-07 22:07:20.134415+00,2025-08-07 22:07:20.134415+00,2025-08-07 22:07:20.134415,{},Claude selected for coding training
#8A0075,#8003B2,1,chat_algorithm,1.0.0,{},"{""prediction"": ""chat_response_needed""}",0.800000,{},{},{},,"{""response_quality"": ""good"", ""success_probability"": 0.7}",{},2025-08-15 05:26:21.577808+00,2025-08-15 05:26:21.577808+00,2025-08-15 05:26:21.577808,"{""input_type"": ""user_query""}",Character selected based on user input pattern
#8A0076,#8003B3,1,chat_algorithm,1.0.0,{},"{""prediction"": ""chat_response_needed""}",0.800000,{},{},{},,"{""response_quality"": ""good"", ""success_probability"": 0.7}",{},2025-08-15 05:26:28.492599+00,2025-08-15 05:26:28.492599+00,2025-08-15 05:26:28.492599,"{""input_type"": ""user_query""}",Character selected based on user input pattern
#8A0077,#8003B4,1,chat_algorithm,1.0.0,{},"{""prediction"": ""chat_response_needed""}",0.800000,{},{},{},,"{""response_quality"": ""good"", ""success_probability"": 0.7}",{},2025-08-15 05:26:37.12614+00,2025-08-15 05:26:37.12614+00,2025-08-15 05:26:37.12614,"{""input_type"": ""user_query""}",Character selected based on user input pattern
#8A0078,#8003B5,1,chat_algorithm,1.0.0,{},"{""prediction"": ""chat_response_needed""}",0.800000,{},{},{},,"{""response_quality"": ""good"", ""success_probability"": 0.7}",{},2025-08-15 05:39:25.418501+00,2025-08-15 05:39:25.418501+00,2025-08-15 05:39:25.418501,"{""input_type"": ""user_query""}",Character selected based on user input pattern
#8A0079,#8003B6,1,chat_algorithm,1.0.0,{},"{""prediction"": ""chat_response_needed""}",0.800000,{},{},{},,"{""response_quality"": ""good"", ""success_probability"": 0.7}",{},2025-08-15 05:39:34.524149+00,2025-08-15 05:39:34.524149+00,2025-08-15 05:39:34.524149,"{""input_type"": ""user_query""}",Character selected based on user input pattern
#8A007A,#8003B7,1,chat_algorithm,1.0.0,{},"{""prediction"": ""chat_response_needed""}",0.800000,{},{},{},,"{""response_quality"": ""good"", ""success_probability"": 0.7}",{},2025-08-15 05:51:50.308437+00,2025-08-15 05:51:50.308437+00,2025-08-15 05:51:50.308437,"{""input_type"": ""user_query""}",Character selected based on user input pattern
#8A007B,#8003B8,1,chat_algorithm,1.0.0,{},"{""prediction"": ""chat_response_needed""}",0.800000,{},{},{},,"{""response_quality"": ""good"", ""success_probability"": 0.7}",{},2025-08-15 06:12:58.944995+00,2025-08-15 06:12:58.944995+00,2025-08-15 06:12:58.944995,"{""input_type"": ""user_query""}",Character selected based on user input pattern
#8A007C,#8003B9,1,chat_algorithm,1.0.0,{},"{""prediction"": ""chat_response_needed""}",0.800000,{},{},{},,"{""response_quality"": ""good"", ""success_probability"": 0.7}",{},2025-08-15 06:13:01.960028+00,2025-08-15 06:13:01.960028+00,2025-08-15 06:13:01.960028,"{""input_type"": ""user_query""}",Character selected based on user input pattern
#8A007D,#8003BA,1,chat_algorithm,1.0.0,{},"{""prediction"": ""chat_response_needed""}",0.800000,{},{},{},,"{""response_quality"": ""good"", ""success_probability"": 0.7}",{},2025-08-15 08:24:38.418447+00,2025-08-15 08:24:38.418447+00,2025-08-15 08:24:38.418447,"{""input_type"": ""user_query""}",Character selected based on user input pattern
#8A007E,#8003BB,1,chat_algorithm,1.0.0,{},"{""prediction"": ""chat_response_needed""}",0.800000,{},{},{},,"{""response_quality"": ""good"", ""success_probability"": 0.7}",{},2025-08-15 08:24:44.76913+00,2025-08-15 08:24:44.76913+00,2025-08-15 08:24:44.76913,"{""input_type"": ""user_query""}",Character selected based on user input pattern
#8A007F,#8003BC,1,chat_algorithm,1.0.0,{},"{""prediction"": ""chat_response_needed""}",0.800000,{},{},{},,"{""response_quality"": ""good"", ""success_probability"": 0.7}",{},2025-08-15 08:24:50.630958+00,2025-08-15 08:24:50.630958+00,2025-08-15 08:24:50.630958,"{""input_type"": ""user_query""}",Character selected based on user input pattern
#8A0080,#8003BD,1,chat_algorithm,1.0.0,{},"{""prediction"": ""chat_response_needed""}",0.800000,{},{},{},,"{""response_quality"": ""good"", ""success_probability"": 0.7}",{},2025-08-15 08:24:53.919456+00,2025-08-15 08:24:53.919456+00,2025-08-15 08:24:53.919456,"{""input_type"": ""user_query""}",Character selected based on user input pattern
#8A0081,#8003BE,1,chat_algorithm,1.0.0,{},"{""prediction"": ""chat_response_needed""}",0.800000,{},{},{},,"{""response_quality"": ""good"", ""success_probability"": 0.7}",{},2025-08-16 02:38:35.020314+00,2025-08-16 02:38:35.020314+00,2025-08-16 02:38:35.020314,"{""input_type"": ""user_query""}",Character selected based on user input pattern
#8A0082,#8003BF,1,chat_algorithm,1.0.0,{},"{""prediction"": ""chat_response_needed""}",0.800000,{},{},{},,"{""response_quality"": ""good"", ""success_probability"": 0.7}",{},2025-08-16 02:43:37.752314+00,2025-08-16 02:43:37.752314+00,2025-08-16 02:43:37.752314,"{""input_type"": ""user_query""}",Character selected based on user input pattern
#8A0083,#8003C0,1,chat_algorithm,1.0.0,{},"{""prediction"": ""chat_response_needed""}",0.800000,{},{},{},,"{""response_quality"": ""good"", ""success_probability"": 0.7}",{},2025-08-16 04:02:45.243867+00,2025-08-16 04:02:45.243867+00,2025-08-16 04:02:45.243867,"{""input_type"": ""user_query""}",Character selected based on user input pattern
#8A0084,#8003C1,1,chat_algorithm,1.0.0,{},"{""prediction"": ""chat_response_needed""}",0.800000,{},{},{},,"{""response_quality"": ""good"", ""success_probability"": 0.7}",{},2025-08-16 04:03:54.467964+00,2025-08-16 04:03:54.467964+00,2025-08-16 04:03:54.467964,"{""input_type"": ""user_query""}",Character selected based on user input pattern
#8A0085,#8003C2,1,chat_algorithm,1.0.0,{},"{""prediction"": ""chat_response_needed""}",0.800000,{},{},{},,"{""response_quality"": ""good"", ""success_probability"": 0.7}",{},2025-08-16 05:29:32.297687+00,2025-08-16 05:29:32.297687+00,2025-08-16 05:29:32.297687,"{""input_type"": ""user_query""}",Character selected based on user input pattern
#8A0086,#8003C3,1,chat_algorithm,1.0.0,{},"{""prediction"": ""chat_response_needed""}",0.800000,{},{},{},,"{""response_quality"": ""good"", ""success_probability"": 0.7}",{},2025-08-16 05:34:06.674286+00,2025-08-16 05:34:06.674286+00,2025-08-16 05:34:06.674286,"{""input_type"": ""user_query""}",Character selected based on user input pattern
#8A0087,#8003C4,1,chat_algorithm,1.0.0,{},"{""prediction"": ""chat_response_needed""}",0.800000,{},{},{},,"{""response_quality"": ""good"", ""success_probability"": 0.7}",{},2025-08-16 05:46:00.362393+00,2025-08-16 05:46:00.362393+00,2025-08-16 05:46:00.362393,"{""input_type"": ""user_query""}",Character selected based on user input pattern
#8A0088,#8003C5,1,chat_algorithm,1.0.0,{},"{""prediction"": ""chat_response_needed""}",0.800000,{},{},{},,"{""response_quality"": ""good"", ""success_probability"": 0.7}",{},2025-08-16 07:05:19.034437+00,2025-08-16 07:05:19.034437+00,2025-08-16 07:05:19.034437,"{""input_type"": ""user_query""}",Character selected based on user input pattern
#8A0089,#8003C6,1,chat_algorithm,1.0.0,{},"{""prediction"": ""chat_response_needed""}",0.800000,{},{},{},,"{""response_quality"": ""good"", ""success_probability"": 0.7}",{},2025-08-16 07:06:57.247618+00,2025-08-16 07:06:57.247618+00,2025-08-16 07:06:57.247618,"{""input_type"": ""user_query""}",Character selected based on user input pattern
#8A008A,#8003C7,1,chat_algorithm,1.0.0,{},"{""prediction"": ""chat_response_needed""}",0.800000,{},{},{},,"{""response_quality"": ""good"", ""success_probability"": 0.7}",{},2025-08-16 07:11:09.864614+00,2025-08-16 07:11:09.864614+00,2025-08-16 07:11:09.864614,"{""input_type"": ""user_query""}",Character selected based on user input pattern
#8A008B,#8003C8,1,chat_algorithm,1.0.0,{},"{""prediction"": ""chat_response_needed""}",0.800000,{},{},{},,"{""response_quality"": ""good"", ""success_probability"": 0.7}",{},2025-08-16 07:12:44.215399+00,2025-08-16 07:12:44.215399+00,2025-08-16 07:12:44.215399,"{""input_type"": ""user_query""}",Character selected based on user input pattern
#8A008C,#8003C9,1,chat_algorithm,1.0.0,{},"{""prediction"": ""chat_response_needed""}",0.800000,{},{},{},,"{""response_quality"": ""good"", ""success_probability"": 0.7}",{},2025-08-16 07:13:05.863016+00,2025-08-16 07:13:05.863016+00,2025-08-16 07:13:05.863016,"{""input_type"": ""user_query""}",Character selected based on user input pattern
#8A008D,#8003CA,1,chat_algorithm,1.0.0,{},"{""prediction"": ""chat_response_needed""}",0.800000,{},{},{},,"{""response_quality"": ""good"", ""success_probability"": 0.7}",{},2025-08-16 07:13:25.625503+00,2025-08-16 07:13:25.625503+00,2025-08-16 07:13:25.625503,"{""input_type"": ""user_query""}",Character selected based on user input pattern
#8A008E,#8003CB,1,chat_algorithm,1.0.0,{},"{""prediction"": ""chat_response_needed""}",0.800000,{},{},{},,"{""response_quality"": ""good"", ""success_probability"": 0.7}",{},2025-08-16 07:13:58.138463+00,2025-08-16 07:13:58.138463+00,2025-08-16 07:13:58.138463,"{""input_type"": ""user_query""}",Character selected based on user input pattern
#8A008F,#8003CC,1,chat_algorithm,1.0.0,{},"{""prediction"": ""chat_response_needed""}",0.800000,{},{},{},,"{""response_quality"": ""good"", ""success_probability"": 0.7}",{},2025-08-16 07:14:15.643199+00,2025-08-16 07:14:15.643199+00,2025-08-16 07:14:15.643199,"{""input_type"": ""user_query""}",Character selected based on user input pattern
#8A0090,#8003CD,1,chat_algorithm,1.0.0,{},"{""prediction"": ""chat_response_needed""}",0.800000,{},{},{},,"{""response_quality"": ""good"", ""success_probability"": 0.7}",{},2025-08-16 07:14:31.178612+00,2025-08-16 07:14:31.178612+00,2025-08-16 07:14:31.178612,"{""input_type"": ""user_query""}",Character selected based on user input pattern
#8A0091,#8003CE,1,chat_algorithm,1.0.0,{},"{""prediction"": ""chat_response_needed""}",0.800000,{},{},{},,"{""response_quality"": ""good"", ""success_probability"": 0.7}",{},2025-08-16 07:16:02.974435+00,2025-08-16 07:16:02.974435+00,2025-08-16 07:16:02.974435,"{""input_type"": ""user_query""}",Character selected based on user input pattern
#8A0092,#8003CF,1,chat_algorithm,1.0.0,{},"{""prediction"": ""chat_response_needed""}",0.800000,{},{},{},,"{""response_quality"": ""good"", ""success_probability"": 0.7}",{},2025-08-16 07:16:19.858573+00,2025-08-16 07:16:19.858573+00,2025-08-16 07:16:19.858573,"{""input_type"": ""user_query""}",Character selected based on user input pattern
#8A0093,#8003D0,1,chat_algorithm,1.0.0,{},"{""prediction"": ""chat_response_needed""}",0.800000,{},{},{},,"{""response_quality"": ""good"", ""success_probability"": 0.7}",{},2025-08-16 07:20:13.742062+00,2025-08-16 07:20:13.742062+00,2025-08-16 07:20:13.742062,"{""input_type"": ""user_query""}",Character selected based on user input pattern
#8A0094,#8003D1,1,chat_algorithm,1.0.0,{},"{""prediction"": ""chat_response_needed""}",0.800000,{},{},{},,"{""response_quality"": ""good"", ""success_probability"": 0.7}",{},2025-08-16 07:20:27.755061+00,2025-08-16 07:20:27.755061+00,2025-08-16 07:20:27.755061,"{""input_type"": ""user_query""}",Character selected based on user input pattern
#8A0095,#8003D2,1,chat_algorithm,1.0.0,{},"{""prediction"": ""chat_response_needed""}",0.800000,{},{},{},,"{""response_quality"": ""good"", ""success_probability"": 0.7}",{},2025-08-16 07:20:44.633135+00,2025-08-16 07:20:44.633135+00,2025-08-16 07:20:44.633135,"{""input_type"": ""user_query""}",Character selected based on user input pattern
#8A0096,#8003D3,1,chat_algorithm,1.0.0,{},"{""prediction"": ""chat_response_needed""}",0.800000,{},{},{},,"{""response_quality"": ""good"", ""success_probability"": 0.7}",{},2025-08-16 07:27:24.760455+00,2025-08-16 07:27:24.760455+00,2025-08-16 07:27:24.760455,"{""input_type"": ""user_query""}",Character selected based on user input pattern
#8A0097,#8003D4,1,chat_algorithm,1.0.0,{},"{""prediction"": ""chat_response_needed""}",0.800000,{},{},{},,"{""response_quality"": ""good"", ""success_probability"": 0.7}",{},2025-08-16 07:27:56.603072+00,2025-08-16 07:27:56.603072+00,2025-08-16 07:27:56.603072,"{""input_type"": ""user_query""}",Character selected based on user input pattern
#8A0098,#8003D5,1,chat_algorithm,1.0.0,{},"{""prediction"": ""chat_response_needed""}",0.800000,{},{},{},,"{""response_quality"": ""good"", ""success_probability"": 0.7}",{},2025-08-16 07:30:21.088465+00,2025-08-16 07:30:21.088465+00,2025-08-16 07:30:21.088465,"{""input_type"": ""user_query""}",Character selected based on user input pattern
#8A0099,#8003D6,1,chat_algorithm,1.0.0,{},"{""prediction"": ""chat_response_needed""}",0.800000,{},{},{},,"{""response_quality"": ""good"", ""success_probability"": 0.7}",{},2025-08-16 07:30:27.553942+00,2025-08-16 07:30:27.553942+00,2025-08-16 07:30:27.553942,"{""input_type"": ""user_query""}",Character selected based on user input pattern
#8A009A,#8003D7,1,chat_algorithm,1.0.0,{},"{""prediction"": ""chat_response_needed""}",0.800000,{},{},{},,"{""response_quality"": ""good"", ""success_probability"": 0.7}",{},2025-08-16 07:50:19.881307+00,2025-08-16 07:50:19.881307+00,2025-08-16 07:50:19.881307,"{""input_type"": ""user_query""}",Character selected based on user input pattern
#8A009B,#8003D8,1,chat_algorithm,1.0.0,{},"{""prediction"": ""chat_response_needed""}",0.800000,{},{},{},,"{""response_quality"": ""good"", ""success_probability"": 0.7}",{},2025-08-16 07:51:12.084545+00,2025-08-16 07:51:12.084545+00,2025-08-16 07:51:12.084545,"{""input_type"": ""user_query""}",Character selected based on user input pattern
#8A009C,#8003D9,1,chat_algorithm,1.0.0,{},"{""prediction"": ""chat_response_needed""}",0.800000,{},{},{},,"{""response_quality"": ""good"", ""success_probability"": 0.7}",{},2025-08-16 07:51:37.37795+00,2025-08-16 07:51:37.37795+00,2025-08-16 07:51:37.37795,"{""input_type"": ""user_query""}",Character selected based on user input pattern
#8A009D,#8003DA,1,chat_algorithm,1.0.0,{},"{""prediction"": ""chat_response_needed""}",0.800000,{},{},{},,"{""response_quality"": ""good"", ""success_probability"": 0.7}",{},2025-08-16 07:57:22.602586+00,2025-08-16 07:57:22.602586+00,2025-08-16 07:57:22.602586,"{""input_type"": ""user_query""}",Character selected based on user input pattern
#8A009E,#8003DB,1,chat_algorithm,1.0.0,{},"{""prediction"": ""chat_response_needed""}",0.800000,{},{},{},,"{""response_quality"": ""good"", ""success_probability"": 0.7}",{},2025-08-16 08:01:19.22872+00,2025-08-16 08:01:19.22872+00,2025-08-16 08:01:19.22872,"{""input_type"": ""user_query""}",Character selected based on user input pattern
#8A009F,#8003DC,1,chat_algorithm,1.0.0,{},"{""prediction"": ""chat_response_needed""}",0.800000,{},{},{},,"{""response_quality"": ""good"", ""success_probability"": 0.7}",{},2025-08-16 09:17:22.077863+00,2025-08-16 09:17:22.077863+00,2025-08-16 09:17:22.077863,"{""input_type"": ""user_query""}",Character selected based on user input pattern
#8A00A0,#8003DD,1,chat_algorithm,1.0.0,{},"{""prediction"": ""chat_response_needed""}",0.800000,{},{},{},,"{""response_quality"": ""good"", ""success_probability"": 0.7}",{},2025-08-16 23:33:10.491967+00,2025-08-16 23:33:10.491967+00,2025-08-16 23:33:10.491967,"{""input_type"": ""user_query""}",Character selected based on user input pattern
#8A00A1,#8003DE,1,chat_algorithm,1.0.0,{},"{""prediction"": ""chat_response_needed""}",0.800000,{},{},{},,"{""response_quality"": ""good"", ""success_probability"": 0.7}",{},2025-08-17 00:07:05.886145+00,2025-08-17 00:07:05.886145+00,2025-08-17 00:07:05.886145,"{""input_type"": ""user_query""}",Character selected based on user input pattern
#8A00A2,#8003DF,1,chat_algorithm,1.0.0,{},"{""prediction"": ""chat_response_needed""}",0.800000,{},{},{},,"{""response_quality"": ""good"", ""success_probability"": 0.7}",{},2025-08-17 00:08:16.74116+00,2025-08-17 00:08:16.74116+00,2025-08-17 00:08:16.74116,"{""input_type"": ""user_query""}",Character selected based on user input pattern
#8A00A3,#8003E0,1,chat_algorithm,1.0.0,{},"{""prediction"": ""chat_response_needed""}",0.800000,{},{},{},,"{""response_quality"": ""good"", ""success_probability"": 0.7}",{},2025-08-17 00:23:26.95909+00,2025-08-17 00:23:26.95909+00,2025-08-17 00:23:26.95909,"{""input_type"": ""user_query""}",Character selected based on user input pattern
#8A00A4,#8003E1,1,chat_algorithm,1.0.0,{},"{""prediction"": ""chat_response_needed""}",0.800000,{},{},{},,"{""response_quality"": ""good"", ""success_probability"": 0.7}",{},2025-08-17 00:23:41.353317+00,2025-08-17 00:23:41.353317+00,2025-08-17 00:23:41.353317,"{""input_type"": ""user_query""}",Character selected based on user input pattern
#8A00A5,#8003E2,1,chat_algorithm,1.0.0,{},"{""prediction"": ""chat_response_needed""}",0.800000,{},{},{},,"{""response_quality"": ""good"", ""success_probability"": 0.7}",{},2025-08-17 00:32:50.722041+00,2025-08-17 00:32:50.722041+00,2025-08-17 00:32:50.722041,"{""input_type"": ""user_query""}",Character selected based on user input pattern
#8A00A6,#8003E3,1,chat_algorithm,1.0.0,{},"{""prediction"": ""chat_response_needed""}",0.800000,{},{},{},,"{""response_quality"": ""good"", ""success_probability"": 0.7}",{},2025-08-17 00:32:57.278163+00,2025-08-17 00:32:57.278163+00,2025-08-17 00:32:57.278163,"{""input_type"": ""user_query""}",Character selected based on user input pattern
#8A00A7,#8003E4,1,chat_algorithm,1.0.0,{},"{""prediction"": ""chat_response_needed""}",0.800000,{},{},{},,"{""response_quality"": ""good"", ""success_probability"": 0.7}",{},2025-08-17 06:09:05.534715+00,2025-08-17 06:09:05.534715+00,2025-08-17 06:09:05.534715,"{""input_type"": ""user_query""}",Character selected based on user input pattern
#8A00A8,#8003E5,1,chat_algorithm,1.0.0,{},"{""prediction"": ""chat_response_needed""}",0.800000,{},{},{},,"{""response_quality"": ""good"", ""success_probability"": 0.7}",{},2025-08-17 06:22:09.949609+00,2025-08-17 06:22:09.949609+00,2025-08-17 06:22:09.949609,"{""input_type"": ""user_query""}",Character selected based on user input pattern
#8A00A9,#8003E6,1,chat_algorithm,1.0.0,{},"{""prediction"": ""chat_response_needed""}",0.800000,{},{},{},,"{""response_quality"": ""good"", ""success_probability"": 0.7}",{},2025-08-17 08:13:17.503692+00,2025-08-17 08:13:17.503692+00,2025-08-17 08:13:17.503692,"{""input_type"": ""user_query""}",Character selected based on user input pattern
#8A00AA,#8003E7,1,chat_algorithm,1.0.0,{},"{""query"": ""What are tanuki known for in Japanese folklore?"", ""action"": ""provide_knowledge_query"", ""domain"": ""mythology"", ""characterId"": ""#700002""}",0.900000,{},{},{},,"{""learning_impact"": ""positive"", ""expected_retention"": ""high""}",{},2025-11-04 10:30:44.152663+00,2025-11-04 10:30:44.152663+00,2025-11-04 10:30:44.152663,{},Knowledge query for #700002
#8A00AB,#8003E8,1,chat_algorithm,1.0.0,{},"{""query"": ""Tell me about shapeshifting in Japanese folklore"", ""action"": ""provide_knowledge_query"", ""domain"": ""mythology"", ""characterId"": ""#700002""}",0.900000,{},{},{},,"{""learning_impact"": ""positive"", ""expected_retention"": ""high""}",{},2025-11-04 10:52:11.105625+00,2025-11-04 10:52:11.105625+00,2025-11-04 10:52:11.105625,{},Knowledge query for #700002
#8A00AC,#8003E9,1,chat_algorithm,1.0.0,{},"{""query"": ""What are tanuki?"", ""action"": ""provide_knowledge_query"", ""domain"": ""general"", ""characterId"": ""#700002""}",0.900000,{},{},{},,"{""learning_impact"": ""positive"", ""expected_retention"": ""high""}",{},2025-11-04 13:10:22.12419+00,2025-11-04 13:10:22.12419+00,2025-11-04 13:10:22.12419,{},Knowledge query for #700002
#8A00AD,#8003EA,1,chat_algorithm,1.0.0,{},"{""query"": ""What are tanuki?"", ""action"": ""provide_knowledge_query"", ""domain"": ""general"", ""characterId"": ""#700002""}",0.900000,{},{},{},,"{""learning_impact"": ""positive"", ""expected_retention"": ""high""}",{},2025-11-04 13:14:37.253503+00,2025-11-04 13:14:37.253503+00,2025-11-04 13:14:37.253503,{},Knowledge query for #700002
#8A00AE,#8003EB,1,chat_algorithm,1.0.0,{},"{""query"": ""What are tanuki?"", ""action"": ""provide_knowledge_query"", ""domain"": ""general"", ""characterId"": ""#700002""}",0.900000,{},{},{},,"{""learning_impact"": ""positive"", ""expected_retention"": ""high""}",{},2025-11-04 13:17:31.542445+00,2025-11-04 13:17:31.542445+00,2025-11-04 13:17:31.542445,{},Knowledge query for #700002
#8A00AF,#8003EC,1,chat_algorithm,1.0.0,{},"{""query"": ""shapeshifting mythology"", ""action"": ""provide_knowledge_query"", ""domain"": ""general"", ""characterId"": ""#700002""}",0.900000,{},{},{},,"{""learning_impact"": ""positive"", ""expected_retention"": ""high""}",{},2025-11-04 13:18:37.050756+00,2025-11-04 13:18:37.050756+00,2025-11-04 13:18:37.050756,{},Knowledge query for #700002
#8A00B0,#8003ED,1,chat_algorithm,1.0.0,{},"{""query"": ""What are tanuki?"", ""action"": ""provide_knowledge_query"", ""domain"": ""general"", ""characterId"": ""#700002""}",0.900000,{},{},{},,"{""learning_impact"": ""positive"", ""expected_retention"": ""high""}",{},2025-11-04 13:30:16.278814+00,2025-11-04 13:30:16.278814+00,2025-11-04 13:30:16.278814,{},Knowledge query for #700002
#8A00B1,#8003EE,1,chat_algorithm,1.0.0,{},"{""query"": ""Japanese folklore creatures"", ""action"": ""provide_knowledge_query"", ""domain"": ""general"", ""characterId"": ""#700002""}",0.900000,{},{},{},,"{""learning_impact"": ""positive"", ""expected_retention"": ""high""}",{},2025-11-04 23:48:15.347051+00,2025-11-04 23:48:15.347051+00,2025-11-04 23:48:15.347051,{},Knowledge query for #700002
#8A00B2,#8003EF,1,chat_algorithm,1.0.0,{},"{""query"": ""What is a tanuki?"", ""action"": ""provide_knowledge_query"", ""domain"": ""general"", ""characterId"": ""#700002""}",0.900000,{},{},{},,"{""learning_impact"": ""positive"", ""expected_retention"": ""high""}",{},2025-11-05 03:03:24.736153+00,2025-11-05 03:03:24.736153+00,2025-11-05 03:03:24.736153,{},Knowledge query for #700002
#8A00B3,#8003F0,1,chat_algorithm,1.0.0,{},"{""query"": ""What is a tanuki?"", ""action"": ""provide_knowledge_query"", ""domain"": ""general"", ""characterId"": ""#700002""}",0.900000,{},{},{},,"{""learning_impact"": ""positive"", ""expected_retention"": ""high""}",{},2025-11-05 03:12:53.654302+00,2025-11-05 03:12:53.654302+00,2025-11-05 03:12:53.654302,{},Knowledge query for #700002
#8A00B4,#8003F1,1,chat_algorithm,1.0.0,{},"{""query"": ""What is a tanuki?"", ""action"": ""provide_knowledge_query"", ""domain"": ""general"", ""characterId"": ""#700002""}",0.900000,{},{},{},,"{""learning_impact"": ""positive"", ""expected_retention"": ""high""}",{},2025-11-05 03:59:06.247421+00,2025-11-05 03:59:06.247421+00,2025-11-05 03:59:06.247421,{},Knowledge query for #700002
#8A00B5,#8003F2,1,chat_algorithm,1.0.0,{},"{""query"": ""What is a tanuki?"", ""action"": ""provide_knowledge_query"", ""domain"": ""general"", ""characterId"": ""#700002""}",0.900000,{},{},{},,"{""learning_impact"": ""positive"", ""expected_retention"": ""high""}",{},2025-11-06 04:27:38.141565+00,2025-11-06 04:27:38.141565+00,2025-11-06 04:27:38.141565,{},Knowledge query for #700002
#8A00B6,#8003F3,1,chat_algorithm,1.0.0,{},"{""query"": ""What is a tanuki?"", ""action"": ""provide_knowledge_query"", ""domain"": ""general"", ""characterId"": ""#700002""}",0.900000,{},{},{},,"{""learning_impact"": ""positive"", ""expected_retention"": ""high""}",{},2025-11-06 04:57:51.879498+00,2025-11-06 04:57:51.879498+00,2025-11-06 04:57:51.879498,{},Knowledge query for #700002
#8A00B7,#8003F4,1,chat_algorithm,1.0.0,{},"{""query"": ""What is a tanuki?"", ""action"": ""provide_knowledge_query"", ""domain"": ""general"", ""characterId"": ""#700002""}",0.900000,{},{},{},,"{""learning_impact"": ""positive"", ""expected_retention"": ""high""}",{},2025-11-06 04:59:14.082015+00,2025-11-06 04:59:14.082015+00,2025-11-06 04:59:14.082015,{},Knowledge query for #700002
#8A00B8,#800401,1,chat_algorithm,1.0.0,{},"{""query"": ""HTML basics"", ""action"": ""provide_knowledge_query"", ""domain"": ""web_development"", ""characterId"": ""#700005""}",0.900000,{},{},{},,"{""learning_impact"": ""positive"", ""expected_retention"": ""high""}",{},2025-11-06 14:03:39.432678+00,2025-11-06 14:03:39.432678+00,2025-11-06 14:03:39.432678,{},Knowledge query for #700005
#8A00B9,#800402,1,chat_algorithm,1.0.0,{},"{""query"": ""How are Tanuki represented in modern media"", ""action"": ""provide_knowledge_query"", ""domain"": ""web_development"", ""characterId"": ""#700005""}",0.900000,{},{},{},,"{""learning_impact"": ""positive"", ""expected_retention"": ""high""}",{},2025-11-06 14:06:46.956021+00,2025-11-06 14:06:46.956021+00,2025-11-06 14:06:46.956021,{},Knowledge query for #700005
