record_id,cycle_id,teacher_record_id,student_sequence,real_world_outcome,success_metrics,quality_indicators,user_engagement,character_similarity_accuracy,unexpected_outcomes,innovation_opportunities,cultural_alignment,learning_insights,timestamp_recorded,created_at,conversation_continuation,response_quality_score
#900000,#800326,#800105,1,"{""timestamp"": ""2025-07-13T10:32:15.309Z"", ""task_completion"": true, ""conversation_flow"": ""smooth"", ""response_accuracy"": 0.85, ""user_satisfaction"": 0.9, ""follow_up_questions"": 0, ""session_duration_ms"": 30000, ""user_engagement_level"": ""high""}","{""efficiency_score"": 0.6666666666666666, ""improvement_areas"": [], ""effectiveness_score"": 0.9166666666666666, ""secondary_goals_met"": [], ""primary_goal_achieved"": true, ""innovation_opportunities"": []}","{""creative_value"": 0.7, ""learning_value"": 0.8, ""cultural_alignment"": 0.8642857142857144, ""response_relevance"": 0.9, ""technical_accuracy"": 0.8, ""character_consistency"": 0.8}","{""session_quality"": ""good"", ""interaction_depth"": ""medium"", ""repeat_likelihood"": 0.8, ""user_feedback_raw"": """", ""emotional_response"": ""positive"", ""recommendation_score"": 0.75}",0.800000,[],[],{},[],2025-07-13 10:32:15.325485+00,2025-07-13 10:32:15.325485,,
#900001,#80032E,#800105,1,"{""satisfaction"": 0.9}","{""accuracy"": 0.85}","{""consistency"": 0.8}","{""engagement"": 0.9}",0.800000,[],[],{},[],2025-07-13 11:31:10.421853+00,2025-07-13 11:31:10.421853,,
#900002,#800101,#800105,1,"{""satisfaction"": 0.9}","{""accuracy"": 0.85}","{""consistency"": 0.8}","{""engagement"": 0.9}",0.800000,[],[],{},[],2025-07-13 11:32:21.788689+00,2025-07-13 11:32:21.788689,,
#900003,#800336,#8A0000,1,"{""user_satisfaction"": ""positive""}",{},{},{},,[],[],{},[],2025-07-14 05:17:56.523684+00,2025-07-14 05:17:56.523684,t,8.50
#900004,#80033A,#8A0001,1,{},{},{},{},,[],[],{},[],2025-07-14 13:20:13.895196+00,2025-07-14 13:20:13.895196,,
#900005,#80033B,#8A0002,1,{},{},{},{},,[],[],{},[],2025-07-16 12:10:37.305909+00,2025-07-16 12:10:37.305909,,
#900006,#80033C,#8A0003,1,{},{},{},{},,[],[],{},[],2025-07-16 12:23:38.961897+00,2025-07-16 12:23:38.961897,,
#900007,#80033D,#8A0004,1,{},{},{},{},,[],[],{},[],2025-07-16 12:42:26.744194+00,2025-07-16 12:42:26.744194,,
#900008,#80033E,#8A0005,1,{},{},{},{},,[],[],{},[],2025-07-16 12:42:40.128198+00,2025-07-16 12:42:40.128198,,
#900009,#80033F,#8A0006,1,{},{},{},{},,[],[],{},[],2025-07-16 12:43:47.548547+00,2025-07-16 12:43:47.548547,,
#90000A,#800340,#8A0007,1,{},{},{},{},,[],[],{},[],2025-07-16 12:46:19.802991+00,2025-07-16 12:46:19.802991,,
#90000B,#800341,#8A0008,1,{},{},{},{},,[],[],{},[],2025-07-16 13:10:13.837157+00,2025-07-16 13:10:13.837157,,
#90000C,#800342,#8A0009,1,{},{},{},{},,[],[],{},[],2025-07-16 22:00:15.568265+00,2025-07-16 22:00:15.568265,,
#90000D,#800343,#8A000A,1,{},{},{},{},,[],[],{},[],2025-07-17 01:41:26.464245+00,2025-07-17 01:41:26.464245,,
#90000E,#800344,#8A000B,1,{},{},{},{},,[],[],{},[],2025-07-17 01:41:46.360134+00,2025-07-17 01:41:46.360134,,
#90000F,#800345,#8A000C,1,{},{},{},{},,[],[],{},[],2025-07-17 09:50:34.469628+00,2025-07-17 09:50:34.469628,,
#900010,#800346,#8A000D,1,{},{},{},{},,[],[],{},[],2025-07-17 10:00:28.346133+00,2025-07-17 10:00:28.346133,,
#900011,#800347,#8A000E,1,{},{},{},{},,[],[],{},[],2025-07-17 10:00:39.622142+00,2025-07-17 10:00:39.622142,,
#900012,#800348,#8A000F,1,{},{},{},{},,[],[],{},[],2025-07-17 10:24:56.107864+00,2025-07-17 10:24:56.107864,,
#900013,#800349,#8A0010,1,{},{},{},{},,[],[],{},[],2025-07-17 10:25:04.614725+00,2025-07-17 10:25:04.614725,,
#900014,#80034A,#8A0011,1,{},{},{},{},,[],[],{},[],2025-07-17 10:46:48.380606+00,2025-07-17 10:46:48.380606,,
#900015,#80034B,#8A0012,1,{},{},{},{},,[],[],{},[],2025-07-17 10:55:13.294753+00,2025-07-17 10:55:13.294753,,
#900016,#80034C,#8A0013,1,{},{},{},{},,[],[],{},[],2025-07-17 10:55:29.938891+00,2025-07-17 10:55:29.938891,,
#900017,#80034D,#8A0014,1,{},{},{},{},,[],[],{},[],2025-07-17 11:11:59.204218+00,2025-07-17 11:11:59.204218,,
#900018,#80034E,#8A0015,1,{},{},{},{},,[],[],{},[],2025-07-17 11:12:12.163497+00,2025-07-17 11:12:12.163497,,
#900019,#80034F,#8A0016,1,{},{},{},{},,[],[],{},[],2025-07-17 11:12:28.700308+00,2025-07-17 11:12:28.700308,,
#90001A,#800350,#8A0017,1,{},{},{},{},,[],[],{},[],2025-07-17 11:31:52.147116+00,2025-07-17 11:31:52.147116,,
#90001B,#800351,#8A0018,1,{},{},{},{},,[],[],{},[],2025-07-17 11:32:17.482153+00,2025-07-17 11:32:17.482153,,
#90001C,#800352,#8A0019,1,{},{},{},{},,[],[],{},[],2025-07-17 11:32:43.153907+00,2025-07-17 11:32:43.153907,,
#90001D,#800353,#8A001A,1,{},{},{},{},,[],[],{},[],2025-07-17 11:46:18.759834+00,2025-07-17 11:46:18.759834,,
#90001E,#800354,#8A001B,1,{},{},{},{},,[],[],{},[],2025-07-17 11:46:31.098498+00,2025-07-17 11:46:31.098498,,
#90001F,#800355,#8A001C,1,{},{},{},{},,[],[],{},[],2025-07-17 14:11:55.860642+00,2025-07-17 14:11:55.860642,,
#900020,#800356,#8A001D,1,{},{},{},{},,[],[],{},[],2025-07-17 14:12:04.746837+00,2025-07-17 14:12:04.746837,,
#900021,#800357,#8A001E,1,{},{},{},{},,[],[],{},[],2025-07-17 14:36:35.4181+00,2025-07-17 14:36:35.4181,,
#900022,#800358,#8A001F,1,{},{},{},{},,[],[],{},[],2025-07-17 14:36:48.320928+00,2025-07-17 14:36:48.320928,,
#900023,#800359,#8A0020,1,{},{},{},{},,[],[],{},[],2025-07-17 14:36:56.45152+00,2025-07-17 14:36:56.45152,,
#900024,#80035A,#8A0021,1,{},{},{},{},,[],[],{},[],2025-07-17 14:38:53.859247+00,2025-07-17 14:38:53.859247,,
#900025,#80035B,#8A0022,1,{},{},{},{},,[],[],{},[],2025-07-17 14:39:01.300962+00,2025-07-17 14:39:01.300962,,
#900026,#80035C,#8A0023,1,{},{},{},{},,[],[],{},[],2025-07-17 14:39:18.357466+00,2025-07-17 14:39:18.357466,,
#900027,#80035D,#8A0024,1,{},{},{},{},,[],[],{},[],2025-07-17 14:39:31.359526+00,2025-07-17 14:39:31.359526,,
#900028,#80035E,#8A0025,1,{},{},{},{},,[],[],{},[],2025-07-17 14:39:44.693349+00,2025-07-17 14:39:44.693349,,
#900029,#80035F,#8A0026,1,{},{},{},{},,[],[],{},[],2025-07-17 20:51:37.270624+00,2025-07-17 20:51:37.270624,,
#90002A,#800360,#8A0027,1,{},{},{},{},,[],[],{},[],2025-07-17 20:51:43.401328+00,2025-07-17 20:51:43.401328,,
#90002B,#800361,#8A0028,1,{},{},{},{},,[],[],{},[],2025-07-17 20:52:03.052749+00,2025-07-17 20:52:03.052749,,
#90002C,#800362,#8A0029,1,{},{},{},{},,[],[],{},[],2025-07-17 20:52:15.731863+00,2025-07-17 20:52:15.731863,,
#90002D,#800363,#8A002A,1,{},{},{},{},,[],[],{},[],2025-07-17 20:53:48.726828+00,2025-07-17 20:53:48.726828,,
#90002E,#800364,#8A002B,1,{},{},{},{},,[],[],{},[],2025-07-17 20:53:54.808464+00,2025-07-17 20:53:54.808464,,
#90002F,#800367,#8A002E,1,"{""source_type"": ""chatbot_conversation"", ""outcome_type"": ""chat_interaction"", ""response_generated"": true}","{""response_length"": 162, ""message_processed"": true, ""interaction_completed"": true}","{""response_quality"": ""standard"", ""user_message_length"": 5}","{""engagement_type"": ""chat_message"", ""message_received"": true}",0.500000,[],[],{},[],2025-07-20 01:44:52.897326+00,2025-07-20 01:44:52.897326,,
#900030,#800368,#8A002F,1,"{""source_type"": ""chatbot_conversation"", ""outcome_type"": ""chat_interaction"", ""response_generated"": true}","{""response_length"": 177, ""message_processed"": true, ""interaction_completed"": true}","{""response_quality"": ""standard"", ""user_message_length"": 20}","{""engagement_type"": ""chat_message"", ""message_received"": true}",0.500000,[],[],{},[],2025-07-20 01:45:16.370609+00,2025-07-20 01:45:16.370609,,
#900031,#800369,#8A0030,1,"{""source_type"": ""chatbot_conversation"", ""outcome_type"": ""chat_interaction"", ""response_generated"": true}","{""response_length"": 162, ""message_processed"": true, ""interaction_completed"": true}","{""response_quality"": ""standard"", ""user_message_length"": 5}","{""engagement_type"": ""chat_message"", ""message_received"": true}",0.500000,[],[],{},[],2025-07-20 02:09:56.459897+00,2025-07-20 02:09:56.459897,,
#900032,#80036A,#8A0031,1,"{""source_type"": ""chatbot_conversation"", ""outcome_type"": ""chat_interaction"", ""response_generated"": true}","{""response_length"": 192, ""message_processed"": true, ""interaction_completed"": true}","{""response_quality"": ""standard"", ""user_message_length"": 35}","{""engagement_type"": ""chat_message"", ""message_received"": true}",0.500000,[],[],{},[],2025-07-20 02:10:13.042004+00,2025-07-20 02:10:13.042004,,
#900033,#80036B,#8A0032,1,"{""source_type"": ""chatbot_conversation"", ""outcome_type"": ""chat_interaction"", ""response_generated"": true}","{""response_length"": 185, ""message_processed"": true, ""interaction_completed"": true}","{""response_quality"": ""standard"", ""user_message_length"": 28}","{""engagement_type"": ""chat_message"", ""message_received"": true}",0.500000,[],[],{},[],2025-07-20 02:22:00.556839+00,2025-07-20 02:22:00.556839,,
#900034,#80036C,#8A0033,1,"{""source_type"": ""chatbot_conversation"", ""outcome_type"": ""chat_interaction"", ""response_generated"": true}","{""response_length"": 175, ""message_processed"": true, ""interaction_completed"": true}","{""response_quality"": ""standard"", ""user_message_length"": 18}","{""engagement_type"": ""chat_message"", ""message_received"": true}",0.500000,[],[],{},[],2025-07-20 02:22:23.491363+00,2025-07-20 02:22:23.491363,,
#900035,#80036D,#8A0034,1,"{""source_type"": ""chatbot_conversation"", ""outcome_type"": ""chat_interaction"", ""response_generated"": true}","{""response_length"": 161, ""message_processed"": true, ""interaction_completed"": true}","{""response_quality"": ""standard"", ""user_message_length"": 4}","{""engagement_type"": ""chat_message"", ""message_received"": true}",0.500000,[],[],{},[],2025-07-20 02:25:35.494841+00,2025-07-20 02:25:35.494841,,
#900036,#80036E,#8A0035,1,"{""source_type"": ""chatbot_conversation"", ""outcome_type"": ""chat_interaction"", ""response_generated"": true}","{""response_length"": 185, ""message_processed"": true, ""interaction_completed"": true}","{""response_quality"": ""standard"", ""user_message_length"": 28}","{""engagement_type"": ""chat_message"", ""message_received"": true}",0.500000,[],[],{},[],2025-07-20 08:17:11.344848+00,2025-07-20 08:17:11.344848,,
#900037,#80036F,#8A0036,1,"{""source_type"": ""chatbot_conversation"", ""outcome_type"": ""chat_interaction"", ""response_generated"": true}","{""response_length"": 184, ""message_processed"": true, ""interaction_completed"": true}","{""response_quality"": ""standard"", ""user_message_length"": 27}","{""engagement_type"": ""chat_message"", ""message_received"": true}",0.500000,[],[],{},[],2025-07-20 08:17:31.436365+00,2025-07-20 08:17:31.436365,,
#900038,#800376,#8A0039,1,"{""success"": true, ""outcome_type"": ""conversation_completed""}","{""success"": true, ""final_response"": ""Tanuki are sort of supernatural shape-shifting raccoon dogs in Japanese mythology."", ""traits_applied"": 103, ""character_response_quality"": 103}","{""response_generated"": true}","{""engagement_level"": ""active""}",0.800000,[],[],{},[],2025-07-25 11:31:46.951313+00,2025-07-25 11:31:46.951313,,
#900039,#800377,#8A003A,1,"{""success"": true, ""outcome_type"": ""conversation_completed""}","{""success"": true, ""final_response"": ""I am unable to sort of formulate a sort of specific response."", ""traits_applied"": 103, ""character_response_quality"": 103}","{""response_generated"": true}","{""engagement_level"": ""active""}",0.800000,[],[],{},[],2025-07-25 22:17:58.049769+00,2025-07-25 22:17:58.049769,,
#90003A,#800378,#8A003B,1,"{""success"": true, ""outcome_type"": ""conversation_completed""}","{""success"": true, ""final_response"": ""I am unable to sort of formulate a sort of specific response."", ""traits_applied"": 103, ""character_response_quality"": 103}","{""response_generated"": true}","{""engagement_level"": ""active""}",0.800000,[],[],{},[],2025-07-25 23:48:47.355795+00,2025-07-25 23:48:47.355795,,
#90003B,#800379,#8A003C,1,"{""success"": true, ""outcome_type"": ""conversation_completed""}","{""success"": true, ""final_response"": ""Tanuki are sort of supernatural shape-shifting raccoon dogs in Japanese mythology."", ""traits_applied"": 103, ""character_response_quality"": 103}","{""response_generated"": true}","{""engagement_level"": ""active""}",0.800000,[],[],{},[],2025-07-26 00:33:03.739557+00,2025-07-26 00:33:03.739557,,
#90003C,#80037A,#8A003D,1,"{""success"": true, ""outcome_type"": ""conversation_completed""}","{""success"": true, ""final_response"": ""I am unable to sort of formulate a sort of specific response."", ""traits_applied"": 103, ""character_response_quality"": 103}","{""response_generated"": true}","{""engagement_level"": ""active""}",0.800000,[],[],{},[],2025-07-26 00:54:01.762033+00,2025-07-26 00:54:01.762033,,
#90003D,#80037B,#8A003E,1,"{""success"": true, ""outcome_type"": ""conversation_completed""}","{""success"": true, ""final_response"": ""I am unable to sort of formulate a sort of specific response."", ""traits_applied"": 103, ""character_response_quality"": 103}","{""response_generated"": true}","{""engagement_level"": ""active""}",0.800000,[],[],{},[],2025-07-26 00:56:03.679017+00,2025-07-26 00:56:03.679017,,
#90003E,#80037C,#8A003F,1,"{""success"": true, ""outcome_type"": ""conversation_completed""}","{""success"": true, ""final_response"": ""I am unable to sort of formulate a sort of specific response."", ""traits_applied"": 103, ""character_response_quality"": 103}","{""response_generated"": true}","{""engagement_level"": ""active""}",0.800000,[],[],{},[],2025-07-26 00:57:32.959448+00,2025-07-26 00:57:32.959448,,
#90003F,#80037D,#8A0040,1,"{""success"": true, ""outcome_type"": ""conversation_completed""}","{""success"": true, ""final_response"": ""I am unable to sort of formulate a sort of specific response."", ""traits_applied"": 103, ""character_response_quality"": 103}","{""response_generated"": true}","{""engagement_level"": ""active""}",0.800000,[],[],{},[],2025-07-26 01:05:19.246712+00,2025-07-26 01:05:19.246712,,
#900040,#80037E,#8A0041,1,"{""success"": true, ""outcome_type"": ""conversation_completed""}","{""success"": true, ""final_response"": ""I am currently unable to generate a personality-driven response."", ""traits_applied"": 103, ""character_response_quality"": 103}","{""response_generated"": true}","{""engagement_level"": ""active""}",0.800000,[],[],{},[],2025-07-26 01:08:22.908437+00,2025-07-26 01:08:22.908437,,
#900041,#80037F,#8A0042,1,"{""success"": true, ""outcome_type"": ""conversation_completed""}","{""success"": true, ""final_response"": ""I am currently unable to generate a personality-driven response."", ""traits_applied"": 103, ""character_response_quality"": 103}","{""response_generated"": true}","{""engagement_level"": ""active""}",0.800000,[],[],{},[],2025-07-26 01:14:26.158355+00,2025-07-26 01:14:26.158355,,
#900042,#800380,#8A0043,1,"{""success"": true, ""outcome_type"": ""conversation_completed""}","{""success"": true, ""final_response"": ""I am unable to sort of formulate a sort of specific response."", ""traits_applied"": 103, ""character_response_quality"": 103}","{""response_generated"": true}","{""engagement_level"": ""active""}",0.800000,[],[],{},[],2025-07-26 01:17:58.833996+00,2025-07-26 01:17:58.833996,,
#900043,#800381,#8A0044,1,"{""success"": true, ""outcome_type"": ""conversation_completed""}","{""success"": true, ""final_response"": ""I am unable to sort of formulate a sort of specific response."", ""traits_applied"": 103, ""character_response_quality"": 103}","{""response_generated"": true}","{""engagement_level"": ""active""}",0.800000,[],[],{},[],2025-07-26 01:21:10.157033+00,2025-07-26 01:21:10.157033,,
#900044,#800382,#8A0045,1,"{""success"": true, ""outcome_type"": ""conversation_completed""}","{""success"": true, ""final_response"": ""I am unable to sort of formulate a sort of specific response."", ""traits_applied"": 103, ""character_response_quality"": 103}","{""response_generated"": true}","{""engagement_level"": ""active""}",0.800000,[],[],{},[],2025-07-26 01:28:16.239406+00,2025-07-26 01:28:16.239406,,
#900045,#800383,#8A0046,1,"{""success"": true, ""outcome_type"": ""conversation_completed""}","{""success"": true, ""final_response"": ""I am unable to sort of formulate a sort of specific response."", ""traits_applied"": 103, ""character_response_quality"": 103}","{""response_generated"": true}","{""engagement_level"": ""active""}",0.800000,[],[],{},[],2025-07-26 01:30:42.181864+00,2025-07-26 01:30:42.181864,,
#900046,#800384,#8A0047,1,"{""success"": true, ""outcome_type"": ""conversation_completed""}","{""success"": true, ""final_response"": ""I am unable to sort of formulate a sort of specific response."", ""traits_applied"": 103, ""character_response_quality"": 103}","{""response_generated"": true}","{""engagement_level"": ""active""}",0.800000,[],[],{},[],2025-07-26 05:31:18.972871+00,2025-07-26 05:31:18.972871,,
#900047,#800385,#8A0048,1,"{""success"": true, ""outcome_type"": ""conversation_completed""}","{""success"": true, ""final_response"": ""I am unable to sort of formulate a sort of specific response."", ""traits_applied"": 103, ""character_response_quality"": 103}","{""response_generated"": true}","{""engagement_level"": ""active""}",0.800000,[],[],{},[],2025-07-26 05:34:52.502127+00,2025-07-26 05:34:52.502127,,
#900048,#800386,#8A0049,1,"{""success"": true, ""outcome_type"": ""conversation_completed""}","{""success"": true, ""final_response"": ""I am unable to sort of formulate a sort of specific response."", ""traits_applied"": 103, ""character_response_quality"": 103}","{""response_generated"": true}","{""engagement_level"": ""active""}",0.800000,[],[],{},[],2025-07-26 05:37:59.840674+00,2025-07-26 05:37:59.840674,,
#900049,#800387,#8A004A,1,"{""success"": true, ""outcome_type"": ""conversation_completed""}","{""success"": true, ""final_response"": ""I am unable to sort of formulate a sort of specific response."", ""traits_applied"": 103, ""character_response_quality"": 103}","{""response_generated"": true}","{""engagement_level"": ""active""}",0.800000,[],[],{},[],2025-07-26 05:41:15.426956+00,2025-07-26 05:41:15.426956,,
#90004A,#800388,#8A004B,1,"{""success"": true, ""outcome_type"": ""conversation_completed""}","{""success"": true, ""final_response"": ""I am unable to sort of formulate a sort of specific response."", ""traits_applied"": 103, ""character_response_quality"": 103}","{""response_generated"": true}","{""engagement_level"": ""active""}",0.800000,[],[],{},[],2025-07-26 05:43:00.291141+00,2025-07-26 05:43:00.291141,,
#90004B,#800389,#8A004C,1,"{""success"": true, ""outcome_type"": ""conversation_completed""}","{""success"": true, ""final_response"": ""I am unable to sort of formulate a sort of specific response."", ""traits_applied"": 103, ""character_response_quality"": 103}","{""response_generated"": true}","{""engagement_level"": ""active""}",0.800000,[],[],{},[],2025-07-26 05:44:56.158001+00,2025-07-26 05:44:56.158001,,
#90004C,#80038A,#8A004D,1,"{""success"": true, ""outcome_type"": ""conversation_completed""}","{""success"": true, ""final_response"": ""I am unable to sort of formulate a sort of specific response."", ""traits_applied"": 103, ""character_response_quality"": 103}","{""response_generated"": true}","{""engagement_level"": ""active""}",0.800000,[],[],{},[],2025-07-26 06:06:01.033878+00,2025-07-26 06:06:01.033878,,
#90004D,#80038B,#8A004E,1,"{""success"": true, ""outcome_type"": ""conversation_completed""}","{""success"": true, ""final_response"": ""I am unable to sort of formulate a sort of specific response."", ""traits_applied"": 103, ""character_response_quality"": 103}","{""response_generated"": true}","{""engagement_level"": ""active""}",0.800000,[],[],{},[],2025-07-26 06:07:41.96787+00,2025-07-26 06:07:41.96787,,
#90004E,#80038C,#8A004F,1,"{""success"": true, ""outcome_type"": ""conversation_completed""}","{""success"": true, ""final_response"": ""I am unable to sort of formulate a sort of specific response."", ""traits_applied"": 104, ""character_response_quality"": 104}","{""response_generated"": true}","{""engagement_level"": ""active""}",0.800000,[],[],{},[],2025-07-26 06:11:30.941046+00,2025-07-26 06:11:30.941046,,
#90004F,#80038D,#8A0050,1,"{""success"": true, ""outcome_type"": ""conversation_completed""}","{""success"": true, ""final_response"": ""I am unable to sort of formulate a sort of specific response."", ""traits_applied"": 104, ""character_response_quality"": 104}","{""response_generated"": true}","{""engagement_level"": ""active""}",0.800000,[],[],{},[],2025-07-26 06:13:32.769185+00,2025-07-26 06:13:32.769185,,
#900050,#80038E,#8A0051,1,"{""success"": true, ""outcome_type"": ""conversation_completed""}","{""success"": true, ""final_response"": ""I am currently unable to generate a personality-driven response."", ""traits_applied"": 104, ""character_response_quality"": 104}","{""response_generated"": true}","{""engagement_level"": ""active""}",0.800000,[],[],{},[],2025-07-26 06:15:22.481864+00,2025-07-26 06:15:22.481864,,
#900051,#80038F,#8A0052,1,"{""success"": true, ""outcome_type"": ""conversation_completed""}","{""success"": true, ""final_response"": ""I am unable to sort of formulate a sort of specific response."", ""traits_applied"": 104, ""character_response_quality"": 104}","{""response_generated"": true}","{""engagement_level"": ""active""}",0.800000,[],[],{},[],2025-07-26 06:18:03.818559+00,2025-07-26 06:18:03.818559,,
#900052,#800390,#8A0053,1,"{""success"": true, ""outcome_type"": ""conversation_completed""}","{""success"": true, ""final_response"": ""I am unable to sort of formulate a sort of specific response."", ""traits_applied"": 104, ""character_response_quality"": 104}","{""response_generated"": true}","{""engagement_level"": ""active""}",0.800000,[],[],{},[],2025-07-26 06:19:13.300882+00,2025-07-26 06:19:13.300882,,
#900053,#800391,#8A0054,1,"{""success"": true, ""outcome_type"": ""conversation_completed""}","{""success"": true, ""final_response"": ""Tanuki are sort of supernatural shape-shifting raccoon dogs in Japanese mythology."", ""traits_applied"": 104, ""character_response_quality"": 104}","{""response_generated"": true}","{""engagement_level"": ""active""}",0.800000,[],[],{},[],2025-07-26 06:21:02.106608+00,2025-07-26 06:21:02.106608,,
#900054,#800392,#8A0055,1,"{""success"": true, ""outcome_type"": ""conversation_completed""}","{""success"": true, ""final_response"": ""I am unable to sort of formulate a sort of specific response."", ""traits_applied"": 104, ""character_response_quality"": 104}","{""response_generated"": true}","{""engagement_level"": ""active""}",0.800000,[],[],{},[],2025-07-26 06:27:46.214392+00,2025-07-26 06:27:46.214392,,
#900055,#800393,#8A0056,1,"{""success"": true, ""outcome_type"": ""conversation_completed""}","{""success"": true, ""final_response"": ""Tanuki are sort of supernatural shape-shifting raccoon dogs in Japanese mythology."", ""traits_applied"": 104, ""character_response_quality"": 104}","{""response_generated"": true}","{""engagement_level"": ""active""}",0.800000,[],[],{},[],2025-07-26 06:49:48.080577+00,2025-07-26 06:49:48.080577,,
#900056,#800394,#8A0057,1,"{""success"": true, ""outcome_type"": ""conversation_completed""}","{""success"": true, ""final_response"": ""I am unable to sort of formulate a sort of specific response."", ""traits_applied"": 104, ""character_response_quality"": 104}","{""response_generated"": true}","{""engagement_level"": ""active""}",0.800000,[],[],{},[],2025-07-26 06:52:17.824711+00,2025-07-26 06:52:17.824711,,
#900057,#800395,#8A0058,1,"{""success"": true, ""outcome_type"": ""conversation_completed""}","{""success"": true, ""final_response"": ""Tanuki are sort of supernatural shape-shifting raccoon dogs in Japanese mythology."", ""traits_applied"": 104, ""character_response_quality"": 104}","{""response_generated"": true}","{""engagement_level"": ""active""}",0.800000,[],[],{},[],2025-07-26 06:59:01.620865+00,2025-07-26 06:59:01.620865,,
#900058,#800396,#8A0059,1,"{""success"": true, ""outcome_type"": ""conversation_completed""}","{""success"": true, ""final_response"": ""Tanuki are sort of supernatural shape-shifting raccoon dogs in Japanese mythology."", ""traits_applied"": 104, ""character_response_quality"": 104}","{""response_generated"": true}","{""engagement_level"": ""active""}",0.800000,[],[],{},[],2025-07-26 07:01:37.45026+00,2025-07-26 07:01:37.45026,,
#900059,#800397,#8A005A,1,"{""success"": true, ""outcome_type"": ""conversation_completed""}","{""success"": true, ""final_response"": ""Tanuki are sort of supernatural shape-shifting raccoon dogs in Japanese mythology."", ""traits_applied"": 104, ""character_response_quality"": 104}","{""response_generated"": true}","{""engagement_level"": ""active""}",0.800000,[],[],{},[],2025-07-26 07:03:21.87297+00,2025-07-26 07:03:21.87297,,
#90005A,#800398,#8A005B,1,"{""success"": true, ""outcome_type"": ""conversation_completed""}","{""success"": true, ""final_response"": ""Tanuki are sort of supernatural shape-shifting raccoon dogs in Japanese mythology."", ""traits_applied"": 104, ""character_response_quality"": 104}","{""response_generated"": true}","{""engagement_level"": ""active""}",0.800000,[],[],{},[],2025-07-26 07:05:06.971099+00,2025-07-26 07:05:06.971099,,
#90005B,#800399,#8A005C,1,"{""success"": true, ""outcome_type"": ""conversation_completed""}","{""success"": true, ""final_response"": ""I am unable to sort of formulate a sort of specific response."", ""traits_applied"": 104, ""character_response_quality"": 104}","{""response_generated"": true}","{""engagement_level"": ""active""}",0.800000,[],[],{},[],2025-07-26 07:09:28.231046+00,2025-07-26 07:09:28.231046,,
#90005C,#80039A,#8A005D,1,"{""success"": true, ""outcome_type"": ""conversation_completed""}","{""success"": true, ""final_response"": ""I am unable to sort of formulate a sort of specific response."", ""traits_applied"": 104, ""character_response_quality"": 104}","{""response_generated"": true}","{""engagement_level"": ""active""}",0.800000,[],[],{},[],2025-07-26 07:39:33.941884+00,2025-07-26 07:39:33.941884,,
#90005D,#80039B,#8A005E,1,"{""success"": true, ""outcome_type"": ""conversation_completed""}","{""success"": true, ""final_response"": ""I am unable to sort of formulate a sort of specific response."", ""traits_applied"": 104, ""character_response_quality"": 104}","{""response_generated"": true}","{""engagement_level"": ""active""}",0.800000,[],[],{},[],2025-07-26 07:44:04.599368+00,2025-07-26 07:44:04.599368,,
#90005E,#80039C,#8A005F,1,"{""success"": true, ""outcome_type"": ""conversation_completed""}","{""success"": true, ""final_response"": ""I am unable to sort of formulate a sort of specific response."", ""traits_applied"": 104, ""character_response_quality"": 104}","{""response_generated"": true}","{""engagement_level"": ""active""}",0.800000,[],[],{},[],2025-07-26 07:51:35.635594+00,2025-07-26 07:51:35.635594,,
#90005F,#80039D,#8A0060,1,"{""success"": true, ""outcome_type"": ""conversation_completed""}","{""success"": true, ""final_response"": ""I am unable to formulate a specific response. To be honest,."", ""traits_applied"": 104, ""character_response_quality"": 104}","{""response_generated"": true}","{""engagement_level"": ""active""}",0.800000,[],[],{},[],2025-07-26 07:58:26.552873+00,2025-07-26 07:58:26.552873,,
#900060,#80039E,#8A0061,1,"{""success"": true, ""outcome_type"": ""conversation_completed""}","{""success"": true, ""final_response"": ""I am unable to formulate a specific response. To be honest,."", ""traits_applied"": 320, ""character_response_quality"": 320}","{""response_generated"": true}","{""engagement_level"": ""active""}",0.800000,[],[],{},[],2025-07-26 08:03:51.536793+00,2025-07-26 08:03:51.536793,,
#900061,#80039F,#8A0062,1,"{""success"": true, ""outcome_type"": ""conversation_completed""}","{""success"": true, ""final_response"": ""I am unable to formulate a specific response. To be honest,."", ""traits_applied"": 320, ""character_response_quality"": 320}","{""response_generated"": true}","{""engagement_level"": ""active""}",0.800000,[],[],{},[],2025-07-26 08:06:19.629385+00,2025-07-26 08:06:19.629385,,
#900062,#8003A0,#8A0063,1,"{""success"": true, ""outcome_type"": ""conversation_completed""}","{""success"": true, ""final_response"": ""I am unable to formulate a specific response. To be honest,."", ""traits_applied"": 270, ""character_response_quality"": 270}","{""response_generated"": true}","{""engagement_level"": ""active""}",0.800000,[],[],{},[],2025-07-26 08:09:27.937136+00,2025-07-26 08:09:27.937136,,
#900063,#8003A1,#8A0064,1,"{""success"": true, ""outcome_type"": ""conversation_completed""}","{""success"": true, ""final_response"": ""I am unable to formulate a specific response. To be honest,."", ""traits_applied"": 270, ""character_response_quality"": 270}","{""response_generated"": true}","{""engagement_level"": ""active""}",0.800000,[],[],{},[],2025-07-26 08:15:19.935147+00,2025-07-26 08:15:19.935147,,
#900064,#8003A2,#8A0065,1,"{""success"": true, ""outcome_type"": ""conversation_completed""}","{""success"": true, ""final_response"": ""I am unable to formulate a specific response. To be honest,."", ""traits_applied"": 270, ""character_response_quality"": 270}","{""response_generated"": true}","{""engagement_level"": ""active""}",0.800000,[],[],{},[],2025-07-26 08:21:28.57288+00,2025-07-26 08:21:28.57288,,
#900065,#8003A3,#8A0066,1,"{""success"": true, ""outcome_type"": ""conversation_completed""}","{""success"": true, ""final_response"": ""I am unable to formulate a specific response. To be honest,."", ""traits_applied"": 270, ""character_response_quality"": 270}","{""response_generated"": true}","{""engagement_level"": ""active""}",0.800000,[],[],{},[],2025-07-26 08:24:12.003436+00,2025-07-26 08:24:12.003436,,
#900066,#8003A4,#8A0067,1,"{""success"": true, ""outcome_type"": ""conversation_completed""}","{""success"": true, ""final_response"": ""In conclusion, so, however, well, i mean, you know, i am unable to formulate a specific response. To be honest,."", ""traits_applied"": 270, ""character_response_quality"": 270}","{""response_generated"": true}","{""engagement_level"": ""active""}",0.800000,[],[],{},[],2025-07-26 08:31:22.353922+00,2025-07-26 08:31:22.353922,,
#900067,#8003A5,#8A0068,1,"{""success"": true, ""outcome_type"": ""conversation_completed""}","{""success"": true, ""final_response"": ""In conclusion, so, however, well, i mean, you know, i am unable to formulate a specific response. To be honest,."", ""traits_applied"": 270, ""character_response_quality"": 270}","{""response_generated"": true}","{""engagement_level"": ""active""}",0.800000,[],[],{},[],2025-07-26 08:32:36.866871+00,2025-07-26 08:32:36.866871,,
#900068,#8003A6,#8A0069,1,"{""success"": true, ""outcome_type"": ""conversation_completed""}","{""success"": true, ""final_response"": ""In conclusion, so, however, well, i mean, you know, i am unable to formulate a specific response. To be honest,."", ""traits_applied"": 270, ""character_response_quality"": 270}","{""response_generated"": true}","{""engagement_level"": ""active""}",0.800000,[],[],{},[],2025-07-26 08:32:46.221841+00,2025-07-26 08:32:46.221841,,
#900069,#8003A7,#8A006A,1,"{""success"": true, ""outcome_type"": ""conversation_completed""}","{""success"": true, ""final_response"": ""In conclusion, however, i am unable very to formulate very a specific very response very To be honest,."", ""traits_applied"": 270, ""character_response_quality"": 270}","{""response_generated"": true}","{""engagement_level"": ""active""}",0.800000,[],[],{},[],2025-07-26 08:35:39.713872+00,2025-07-26 08:35:39.713872,,
#90006A,#8003A8,#8A006B,1,"{""success"": true, ""outcome_type"": ""conversation_completed""}","{""success"": true, ""final_response"": ""In conclusion, however, i am unable very to formulate very a specific very response very To be honest,."", ""traits_applied"": 270, ""character_response_quality"": 270}","{""response_generated"": true}","{""engagement_level"": ""active""}",0.800000,[],[],{},[],2025-07-26 08:35:46.969929+00,2025-07-26 08:35:46.969929,,
#90006B,#8003A9,#8A006C,1,"{""success"": true, ""outcome_type"": ""conversation_completed""}","{""success"": true, ""final_response"": ""In conclusion, so, however, well, i mean, you know, i am unable to formulate a specific response. To be honest,."", ""traits_applied"": 270, ""character_response_quality"": 270}","{""response_generated"": true}","{""engagement_level"": ""active""}",0.800000,[],[],{},[],2025-07-26 08:38:47.565213+00,2025-07-26 08:38:47.565213,,
#90006C,#8003AA,#8A006D,1,"{""success"": true, ""outcome_type"": ""conversation_completed""}","{""success"": true, ""final_response"": ""In conclusion, so, however, well, i mean, you know, i am unable to formulate a specific response. To be honest,."", ""traits_applied"": 270, ""character_response_quality"": 270}","{""response_generated"": true}","{""engagement_level"": ""active""}",0.800000,[],[],{},[],2025-07-26 10:13:23.410068+00,2025-07-26 10:13:23.410068,,
#90006D,#8003AB,#8A006E,1,"{""success"": true, ""outcome_type"": ""conversation_completed""}","{""success"": true, ""final_response"": ""In conclusion, so, however, well, i mean, you know, i am unable to formulate a specific response. To be honest,."", ""traits_applied"": 270, ""character_response_quality"": 270}","{""response_generated"": true}","{""engagement_level"": ""active""}",0.800000,[],[],{},[],2025-07-26 20:25:41.723091+00,2025-07-26 20:25:41.723091,,
#90006E,#8003AC,#8A006F,1,"{""success"": true, ""outcome_type"": ""conversation_completed""}","{""success"": true, ""final_response"": ""In conclusion, so, however, well, i mean, you know, i am unable to formulate a specific response. To be honest,."", ""traits_applied"": 270, ""character_response_quality"": 270}","{""response_generated"": true}","{""engagement_level"": ""active""}",0.800000,[],[],{},[],2025-07-26 23:16:17.066382+00,2025-07-26 23:16:17.066382,,
#90006F,#8003AD,#8A0070,1,"{""success"": true, ""outcome_type"": ""conversation_completed""}","{""success"": true, ""final_response"": ""In conclusion, so, however, well, i mean, you know, i am unable to formulate a specific response. To be honest,."", ""traits_applied"": 270, ""character_response_quality"": 270}","{""response_generated"": true}","{""engagement_level"": ""active""}",0.800000,[],[],{},[],2025-07-26 23:16:28.42957+00,2025-07-26 23:16:28.42957,,
