cycle_id,cycle_number,started_at,completed_at,cycle_duration_ms,status,cycle_type,cultural_compliance,seven_commandments_check,optimization_score,learning_effectiveness,created_at,updated_at,performance_metrics,conversation_id,user_message,chat_context,metadata,performance_summary,learning_outcomes,algorithm_version
#800101,1,2025-07-12 03:32:46.870325+00,,,running,standard,{},t,,,2025-07-12 03:32:46.870325,2025-07-12 03:32:46.870325,{},,,,{},{},{},
#800001,4,2025-07-12 12:25:10.417581+00,,,running,standard,"{""oneTask"": true, ""cleanSlate"": true, ""masterCraft"": true, ""overallScore"": 1, ""surgicalPrecision"": true, ""fullAccountability"": true, ""minimumThresholdMet"": true, ""passedAllCommandments"": true, ""noExternalDependencies"": true, ""reflectiveIntelligence"": true}",t,,,2025-07-12 12:25:10.417581,2025-07-12 12:25:10.417581,{},,,,{},{},{},
#800103,6,2025-07-12 12:52:26.25723+00,,,running,standard,"{""overall_score"": 1, ""purpose_driven"": true, ""ethical_foundation"": true, ""excellence_focused"": true, ""innovation_mindset"": true, ""sustainable_growth"": true, ""continuous_learning"": true, ""collaborative_spirit"": true}",t,,,2025-07-12 12:52:26.25723,2025-07-12 12:52:26.25723,{},,,,{},{},{},
#800105,7,2025-07-12 12:53:16.839802+00,,,running,standard,"{""overall_score"": 1, ""purpose_driven"": true, ""ethical_foundation"": true, ""excellence_focused"": true, ""innovation_mindset"": true, ""sustainable_growth"": true, ""continuous_learning"": true, ""collaborative_spirit"": true}",t,,,2025-07-12 12:53:16.839802,2025-07-12 12:53:16.839802,{},,,,{},{},{},
#800107,8,2025-07-12 13:01:23.580424+00,,,running,standard,"{""overall_score"": 1, ""purpose_driven"": true, ""ethical_foundation"": true, ""excellence_focused"": true, ""innovation_mindset"": true, ""sustainable_growth"": true, ""continuous_learning"": true, ""collaborative_spirit"": true}",t,,,2025-07-12 13:01:23.580424,2025-07-12 13:01:23.580424,{},,,,{},{},{},
#800109,9,2025-07-12 13:04:09.388265+00,,,running,standard,"{""overall_score"": 1, ""purpose_driven"": true, ""ethical_foundation"": true, ""excellence_focused"": true, ""innovation_mindset"": true, ""sustainable_growth"": true, ""continuous_learning"": true, ""collaborative_spirit"": true}",t,,,2025-07-12 13:04:09.388265,2025-07-12 13:04:09.388265,{},,,,{},{},{},
#80010B,10,2025-07-12 13:05:24.100752+00,,,running,standard,"{""overall_score"": 1, ""purpose_driven"": true, ""ethical_foundation"": true, ""excellence_focused"": true, ""innovation_mindset"": true, ""sustainable_growth"": true, ""continuous_learning"": true, ""collaborative_spirit"": true}",t,,,2025-07-12 13:05:24.100752,2025-07-12 13:05:24.100752,{},,,,{},{},{},
#80010C,11,2025-07-12 13:06:26.333397+00,,,running,standard,{},t,,,2025-07-12 13:06:26.333397,2025-07-12 13:06:26.333397,{},,,,{},{},{},
#80010E,12,2025-07-13 10:24:06.972301+00,,,running,standard,"{""overall_score"": 1, ""purpose_driven"": true, ""ethical_foundation"": true, ""excellence_focused"": true, ""innovation_mindset"": true, ""sustainable_growth"": true, ""continuous_learning"": true, ""collaborative_spirit"": true}",t,,,2025-07-13 10:24:06.972301,2025-07-13 10:24:06.972301,{},,,,{},{},{},
#800110,13,2025-07-13 10:25:06.207834+00,,,running,standard,"{""overall_score"": 1, ""purpose_driven"": true, ""ethical_foundation"": true, ""excellence_focused"": true, ""innovation_mindset"": true, ""sustainable_growth"": true, ""continuous_learning"": true, ""collaborative_spirit"": true}",t,,,2025-07-13 10:25:06.207834,2025-07-13 10:25:06.207834,{},,,,{},{},{},
#800326,14,2025-07-13 10:30:39.770055+00,,,running,standard,"{""clean_slate"": true, ""surgical_precision"": true, ""no_external_dependencies"": true, ""seven_commandments_check"": true}",t,,,2025-07-13 10:30:39.770055,2025-07-13 10:30:39.770055,"{""created_at"": ""2025-07-13T10:30:39.510Z"", ""resource_tier"": ""TIER_1""}",,,,{},{},{},
#800328,15,2025-07-13 11:16:42.838876+00,,,running,standard,"{""overall_score"": 1, ""purpose_driven"": true, ""ethical_foundation"": true, ""excellence_focused"": true, ""innovation_mindset"": true, ""sustainable_growth"": true, ""continuous_learning"": true, ""collaborative_spirit"": true}",t,,,2025-07-13 11:16:42.838876,2025-07-13 11:16:42.838876,{},,,,{},{},{},
#80032A,16,2025-07-13 11:25:08.056493+00,,,running,standard,"{""overall_score"": 1, ""purpose_driven"": true, ""ethical_foundation"": true, ""excellence_focused"": true, ""innovation_mindset"": true, ""sustainable_growth"": true, ""continuous_learning"": true, ""collaborative_spirit"": true}",t,,,2025-07-13 11:25:08.056493,2025-07-13 11:25:08.056493,{},,,,{},{},{},
#80032C,17,2025-07-13 11:28:51.795633+00,,,running,standard,"{""overall_score"": 1, ""purpose_driven"": true, ""ethical_foundation"": true, ""excellence_focused"": true, ""innovation_mindset"": true, ""sustainable_growth"": true, ""continuous_learning"": true, ""collaborative_spirit"": true}",t,,,2025-07-13 11:28:51.795633,2025-07-13 11:28:51.795633,{},,,,{},{},{},
#80032E,18,2025-07-13 11:29:54.557878+00,,,running,standard,"{""overall_score"": 1, ""purpose_driven"": true, ""ethical_foundation"": true, ""excellence_focused"": true, ""innovation_mindset"": true, ""sustainable_growth"": true, ""continuous_learning"": true, ""collaborative_spirit"": true}",t,,,2025-07-13 11:29:54.557878,2025-07-13 11:29:54.557878,{},,,,{},{},{},
#800330,19,2025-07-13 11:55:51.797544+00,,,running,standard,"{""overall_score"": 1, ""purpose_driven"": true, ""ethical_foundation"": true, ""excellence_focused"": true, ""innovation_mindset"": true, ""sustainable_growth"": true, ""continuous_learning"": true, ""collaborative_spirit"": true}",t,,,2025-07-13 11:55:51.797544,2025-07-13 11:55:51.797544,{},,,,{},{},{},
#800331,21,2025-07-14 04:41:39.520535+00,,,running,standard,{},t,,,2025-07-14 04:41:39.520535,2025-07-14 04:41:39.520535,{},test-123,Tell me about Claude Tanuki,{},{},{},{},
#800332,22,2025-07-14 04:43:04.311856+00,,,running,standard,{},t,,,2025-07-14 04:43:04.311856,2025-07-14 04:43:04.311856,{},test-123,Tell me about Claude Tanuki,{},{},{},{},
#800333,23,2025-07-14 04:52:39.252153+00,,,running,standard,{},t,,,2025-07-14 04:52:39.252153,2025-07-14 04:52:39.252153,{},test-123,Tell me about Claude Tanuki,{},{},{},{},
#800334,24,2025-07-14 04:59:22.368409+00,,,running,standard,{},t,,,2025-07-14 04:59:22.368409,2025-07-14 04:59:22.368409,{},test-123,Tell me about Claude Tanuki,{},{},{},{},
#800335,25,2025-07-14 05:01:53.25286+00,,,running,standard,{},t,,,2025-07-14 05:01:53.25286,2025-07-14 05:01:53.25286,{},test-123,Tell me about Claude Tanuki,{},{},{},{},
#800336,26,2025-07-14 05:17:56.458901+00,,,running,standard,{},t,,,2025-07-14 05:17:56.458901,2025-07-14 05:17:56.458901,{},test-123,Tell me about Claude Tanuki,{},{},{},{},
#800337,27,2025-07-14 12:59:06.053171+00,,,running,standard,{},t,,,2025-07-14 12:59:06.053171,2025-07-14 12:59:06.053171,{},,,{},{},{},{},
#800338,28,2025-07-14 13:11:33.978946+00,,,running,standard,{},t,,,2025-07-14 13:11:33.978946,2025-07-14 13:11:33.978946,{},,,{},{},{},{},
#800339,29,2025-07-14 13:16:37.016254+00,,,running,standard,{},t,,,2025-07-14 13:16:37.016254,2025-07-14 13:16:37.016254,{},,,{},{},{},{},
#80033A,30,2025-07-14 13:20:13.833181+00,,,running,standard,{},t,,,2025-07-14 13:20:13.833181,2025-07-14 13:20:13.833181,{},,,{},{},{},{},
#80033B,31,2025-07-16 12:10:37.296271+00,,,running,standard,{},t,,,2025-07-16 12:10:37.296271,2025-07-16 12:10:37.296271,{},,,{},{},{},{},
#80033C,32,2025-07-16 12:23:38.952629+00,,,running,standard,{},t,,,2025-07-16 12:23:38.952629,2025-07-16 12:23:38.952629,{},,,{},{},{},{},
#80033D,33,2025-07-16 12:42:26.73565+00,,,running,standard,{},t,,,2025-07-16 12:42:26.73565,2025-07-16 12:42:26.73565,{},,,{},{},{},{},
#80033E,34,2025-07-16 12:42:40.122282+00,,,running,standard,{},t,,,2025-07-16 12:42:40.122282,2025-07-16 12:42:40.122282,{},,,{},{},{},{},
#80033F,35,2025-07-16 12:43:47.53969+00,,,running,standard,{},t,,,2025-07-16 12:43:47.53969,2025-07-16 12:43:47.53969,{},,,{},{},{},{},
#800340,36,2025-07-16 12:46:19.778152+00,,,running,standard,{},t,,,2025-07-16 12:46:19.778152,2025-07-16 12:46:19.778152,{},,,{},{},{},{},
#800341,37,2025-07-16 13:10:13.805871+00,,,running,standard,{},t,,,2025-07-16 13:10:13.805871,2025-07-16 13:10:13.805871,{},,,{},{},{},{},
#800342,38,2025-07-16 22:00:15.551333+00,,,running,standard,{},t,,,2025-07-16 22:00:15.551333,2025-07-16 22:00:15.551333,{},,,{},{},{},{},
#800343,39,2025-07-17 01:41:26.456176+00,,,running,standard,{},t,,,2025-07-17 01:41:26.456176,2025-07-17 01:41:26.456176,{},,,{},{},{},{},
#800344,40,2025-07-17 01:41:46.349941+00,,,running,standard,{},t,,,2025-07-17 01:41:46.349941,2025-07-17 01:41:46.349941,{},,,{},{},{},{},
#800345,41,2025-07-17 09:50:34.282898+00,,,running,standard,{},t,,,2025-07-17 09:50:34.282898,2025-07-17 09:50:34.282898,{},,,{},{},{},{},
#800346,42,2025-07-17 10:00:28.262047+00,,,running,standard,{},t,,,2025-07-17 10:00:28.262047,2025-07-17 10:00:28.262047,{},,,{},{},{},{},
#800347,43,2025-07-17 10:00:39.475863+00,,,running,standard,{},t,,,2025-07-17 10:00:39.475863,2025-07-17 10:00:39.475863,{},,,{},{},{},{},
#8003F5,,2025-11-06 12:23:54.591958+00,,,running,standard,{},t,,,2025-11-06 12:23:54.591958,2025-11-06 12:23:54.591958,{},,,,{},{},{},
#8003FA,,2025-11-06 12:29:05.345556+00,,,running,standard,{},t,,,2025-11-06 12:29:05.345556,2025-11-06 12:29:05.345556,{},,,,{},{},{},
#8003FD,,2025-11-06 12:31:28.805662+00,,,running,standard,{},t,,,2025-11-06 12:31:28.805662,2025-11-06 12:31:28.805662,{},,,,{},{},{},
#800348,44,2025-07-17 10:24:56.020403+00,,,running,standard,{},t,,,2025-07-17 10:24:56.020403,2025-07-17 10:24:56.020403,{},,,{},{},{},{},
#800349,45,2025-07-17 10:25:04.521881+00,,,running,standard,{},t,,,2025-07-17 10:25:04.521881,2025-07-17 10:25:04.521881,{},,,{},{},{},{},
#80034A,46,2025-07-17 10:46:48.280493+00,,,running,standard,{},t,,,2025-07-17 10:46:48.280493,2025-07-17 10:46:48.280493,{},,,{},{},{},{},
#80034B,47,2025-07-17 10:55:13.208682+00,,,running,standard,{},t,,,2025-07-17 10:55:13.208682,2025-07-17 10:55:13.208682,{},,,{},{},{},{},
#80034C,48,2025-07-17 10:55:29.859072+00,,,running,standard,{},t,,,2025-07-17 10:55:29.859072,2025-07-17 10:55:29.859072,{},,,{},{},{},{},
#80034D,49,2025-07-17 11:11:59.10736+00,,,running,standard,{},t,,,2025-07-17 11:11:59.10736,2025-07-17 11:11:59.10736,{},,,{},{},{},{},
#80034E,50,2025-07-17 11:12:12.082955+00,,,running,standard,{},t,,,2025-07-17 11:12:12.082955,2025-07-17 11:12:12.082955,{},,,{},{},{},{},
#80034F,51,2025-07-17 11:12:28.620594+00,,,running,standard,{},t,,,2025-07-17 11:12:28.620594,2025-07-17 11:12:28.620594,{},,,{},{},{},{},
#800350,52,2025-07-17 11:31:52.060978+00,,,running,standard,{},t,,,2025-07-17 11:31:52.060978,2025-07-17 11:31:52.060978,{},,,{},{},{},{},
#800351,53,2025-07-17 11:32:17.368648+00,,,running,standard,{},t,,,2025-07-17 11:32:17.368648,2025-07-17 11:32:17.368648,{},,,{},{},{},{},
#800352,54,2025-07-17 11:32:43.060731+00,,,running,standard,{},t,,,2025-07-17 11:32:43.060731,2025-07-17 11:32:43.060731,{},,,{},{},{},{},
#800353,55,2025-07-17 11:46:18.6625+00,,,running,standard,{},t,,,2025-07-17 11:46:18.6625,2025-07-17 11:46:18.6625,{},,,{},{},{},{},
#800354,56,2025-07-17 11:46:31.000446+00,,,running,standard,{},t,,,2025-07-17 11:46:31.000446,2025-07-17 11:46:31.000446,{},,,{},{},{},{},
#800355,8389461,2025-07-17 14:11:55.824857+00,,,running,standard,{},t,,,2025-07-17 14:11:55.824857,2025-07-17 14:11:55.824857,{},,,{},{},{},{},
#800356,8389462,2025-07-17 14:12:04.73874+00,,,running,standard,{},t,,,2025-07-17 14:12:04.73874,2025-07-17 14:12:04.73874,{},,,{},{},{},{},
#800357,8389463,2025-07-17 14:36:35.331331+00,,,running,standard,{},t,,,2025-07-17 14:36:35.331331,2025-07-17 14:36:35.331331,{},,,{},{},{},{},
#800358,8389464,2025-07-17 14:36:48.23714+00,,,running,standard,{},t,,,2025-07-17 14:36:48.23714,2025-07-17 14:36:48.23714,{},,,{},{},{},{},
#800359,8389465,2025-07-17 14:36:56.357474+00,,,running,standard,{},t,,,2025-07-17 14:36:56.357474,2025-07-17 14:36:56.357474,{},,,{},{},{},{},
#80035A,8389466,2025-07-17 14:38:53.839045+00,,,running,standard,{},t,,,2025-07-17 14:38:53.839045,2025-07-17 14:38:53.839045,{},,,{},{},{},{},
#80035B,8389467,2025-07-17 14:39:01.295044+00,,,running,standard,{},t,,,2025-07-17 14:39:01.295044,2025-07-17 14:39:01.295044,{},,,{},{},{},{},
#80035C,8389468,2025-07-17 14:39:18.34953+00,,,running,standard,{},t,,,2025-07-17 14:39:18.34953,2025-07-17 14:39:18.34953,{},,,{},{},{},{},
#80035D,8389469,2025-07-17 14:39:31.353563+00,,,running,standard,{},t,,,2025-07-17 14:39:31.353563,2025-07-17 14:39:31.353563,{},,,{},{},{},{},
#80035E,8389470,2025-07-17 14:39:44.684301+00,,,running,standard,{},t,,,2025-07-17 14:39:44.684301,2025-07-17 14:39:44.684301,{},,,{},{},{},{},
#80035F,8389471,2025-07-17 20:51:37.086888+00,,,running,standard,{},t,,,2025-07-17 20:51:37.086888,2025-07-17 20:51:37.086888,{},,,{},{},{},{},
#800360,8389472,2025-07-17 20:51:43.316525+00,,,running,standard,{},t,,,2025-07-17 20:51:43.316525,2025-07-17 20:51:43.316525,{},,,{},{},{},{},
#800361,8389473,2025-07-17 20:52:02.947903+00,,,running,standard,{},t,,,2025-07-17 20:52:02.947903,2025-07-17 20:52:02.947903,{},,,{},{},{},{},
#800362,8389474,2025-07-17 20:52:15.659952+00,,,running,standard,{},t,,,2025-07-17 20:52:15.659952,2025-07-17 20:52:15.659952,{},,,{},{},{},{},
#800363,8389475,2025-07-17 20:53:48.624534+00,,,running,standard,{},t,,,2025-07-17 20:53:48.624534,2025-07-17 20:53:48.624534,{},,,{},{},{},{},
#800364,8389476,2025-07-17 20:53:54.803055+00,,,running,standard,{},t,,,2025-07-17 20:53:54.803055,2025-07-17 20:53:54.803055,{},,,{},{},{},{},
#800365,83894761,2025-07-20 00:36:48.940283+00,,,running,standard,{},t,,,2025-07-20 00:36:48.940283,2025-07-20 00:36:48.940283,{},,,{},{},{},{},
#800366,838947611,2025-07-20 01:18:02.8729+00,,,running,standard,{},t,,,2025-07-20 01:18:02.8729,2025-07-20 01:18:02.8729,{},,,{},{},{},{},
#800367,8389476111,2025-07-20 01:44:52.885586+00,,,running,standard,{},t,,,2025-07-20 01:44:52.885586,2025-07-20 01:44:52.885586,{},,,{},{},{},{},
#800368,8389476112,2025-07-20 01:45:16.354166+00,,,running,standard,{},t,,,2025-07-20 01:45:16.354166,2025-07-20 01:45:16.354166,{},,,{},{},{},{},
#800369,83894761121,2025-07-20 02:09:56.395019+00,,,running,standard,{},t,,,2025-07-20 02:09:56.395019,2025-07-20 02:09:56.395019,{},,,{},{},{},{},
#80036A,83894761122,2025-07-20 02:10:13.031873+00,,,running,standard,{},t,,,2025-07-20 02:10:13.031873,2025-07-20 02:10:13.031873,{},,,{},{},{},{},
#80036B,838947611221,2025-07-20 02:22:00.520032+00,,,running,standard,{},t,,,2025-07-20 02:22:00.520032,2025-07-20 02:22:00.520032,{},,,{},{},{},{},
#80036C,838947611222,2025-07-20 02:22:23.483681+00,,,running,standard,{},t,,,2025-07-20 02:22:23.483681,2025-07-20 02:22:23.483681,{},,,{},{},{},{},
#80036D,838947611223,2025-07-20 02:25:35.47562+00,,,running,standard,{},t,,,2025-07-20 02:25:35.47562,2025-07-20 02:25:35.47562,{},,,{},{},{},{},
#80036E,8389476112231,2025-07-20 08:17:11.300935+00,,,running,standard,{},t,,,2025-07-20 08:17:11.300935,2025-07-20 08:17:11.300935,{},,,{},{},{},{},
#80036F,8389476112232,2025-07-20 08:17:31.429078+00,,,running,standard,{},t,,,2025-07-20 08:17:31.429078,2025-07-20 08:17:31.429078,{},,,{},{},{},{},
#8003F6,,2025-11-06 12:24:55.193346+00,,,running,standard,{},t,,,2025-11-06 12:24:55.193346,2025-11-06 12:24:55.193346,{},,,,{},{},{},
#800370,83894761122321,2025-07-25 08:52:32.203028+00,2025-07-25 08:52:34.650122+00,2447,completed,standard,"{""success"": true, ""final_response"": ""Tanuki are sort of supernatural shape-shifting raccoon dogs in Japanese mythology."", ""traits_applied"": 103, ""character_response_quality"": 103}",t,,,2025-07-25 08:52:32.203028,2025-07-25 08:52:32.203028,{},#900003,,{},{},{},{},
#800371,83894761122322,2025-07-25 08:54:09.943838+00,2025-07-25 08:54:12.425695+00,2482,completed,standard,"{""success"": true, ""final_response"": ""Tanuki are sort of supernatural shape-shifting raccoon dogs in Japanese mythology."", ""traits_applied"": 103, ""character_response_quality"": 103}",t,,,2025-07-25 08:54:09.943838,2025-07-25 08:54:09.943838,{},#900004,,{},{},{},{},
#800372,83894761122323,2025-07-25 08:54:19.517911+00,2025-07-25 08:54:20.238147+00,720,completed,standard,"{""success"": true, ""final_response"": ""I am unable to sort of formulate a sort of specific response."", ""traits_applied"": 103, ""character_response_quality"": 103}",t,,,2025-07-25 08:54:19.517911,2025-07-25 08:54:19.517911,{},#900005,,{},{},{},{},
#800373,838947611223231,2025-07-25 11:20:46.871758+00,2025-07-25 11:20:49.335355+00,2464,completed,standard,"{""success"": true, ""final_response"": ""Tanuki are sort of supernatural shape-shifting raccoon dogs in Japanese mythology."", ""traits_applied"": 103, ""character_response_quality"": 103}",t,,,2025-07-25 11:20:46.871758,2025-07-25 11:20:46.871758,{},#900003,,{},{},{},{},
#800374,8389476112232311,2025-07-25 11:25:04.307105+00,2025-07-25 11:25:08.025945+00,3719,completed,standard,"{""success"": true, ""final_response"": ""Tanuki are sort of supernatural shape-shifting raccoon dogs in Japanese mythology."", ""traits_applied"": 103, ""character_response_quality"": 103}",t,,,2025-07-25 11:25:04.307105,2025-07-25 11:25:04.307105,{},#900003,,{},{},{},{},
#800375,83894761122323100,2025-07-25 11:28:20.844895+00,2025-07-25 11:28:26.602831+00,5758,completed,standard,"{""success"": true, ""final_response"": ""Tanuki are sort of supernatural shape-shifting raccoon dogs in Japanese mythology."", ""traits_applied"": 103, ""character_response_quality"": 103}",t,,,2025-07-25 11:28:20.844895,2025-07-25 11:28:20.844895,{},#900003,,{},{},{},{},
#800376,838947611223231000,2025-07-25 11:31:42.619367+00,2025-07-25 11:31:46.535222+00,3916,completed,standard,"{""success"": true, ""final_response"": ""Tanuki are sort of supernatural shape-shifting raccoon dogs in Japanese mythology."", ""traits_applied"": 103, ""character_response_quality"": 103}",t,,,2025-07-25 11:31:42.619367,2025-07-25 11:31:42.619367,{},#900003,,{},{},{},{},
#800377,,2025-07-25 22:17:54.237541+00,2025-07-25 22:17:57.63387+00,3396,completed,standard,"{""success"": true, ""final_response"": ""I am unable to sort of formulate a sort of specific response."", ""traits_applied"": 103, ""character_response_quality"": 103}",t,,,2025-07-25 22:17:54.237541,2025-07-25 22:17:54.237541,{},#900003,,{},{},{},{},
#800378,,2025-07-25 23:48:43.754639+00,2025-07-25 23:48:46.942222+00,3188,completed,standard,"{""success"": true, ""final_response"": ""I am unable to sort of formulate a sort of specific response."", ""traits_applied"": 103, ""character_response_quality"": 103}",t,,,2025-07-25 23:48:43.754639,2025-07-25 23:48:43.754639,{},#900003,,{},{},{},{},
#800379,,2025-07-26 00:32:59.548048+00,2025-07-26 00:33:03.291937+00,3744,completed,standard,"{""success"": true, ""final_response"": ""Tanuki are sort of supernatural shape-shifting raccoon dogs in Japanese mythology."", ""traits_applied"": 103, ""character_response_quality"": 103}",t,,,2025-07-26 00:32:59.548048,2025-07-26 00:32:59.548048,{},#900003,,{},{},{},{},
#80037A,,2025-07-26 00:53:58.32371+00,2025-07-26 00:54:01.377953+00,3054,completed,standard,"{""success"": true, ""final_response"": ""I am unable to sort of formulate a sort of specific response."", ""traits_applied"": 103, ""character_response_quality"": 103}",t,,,2025-07-26 00:53:58.32371,2025-07-26 00:53:58.32371,{},#900003,,{},{},{},{},
#80037B,,2025-07-26 00:56:00.231885+00,2025-07-26 00:56:03.290005+00,3058,completed,standard,"{""success"": true, ""final_response"": ""I am unable to sort of formulate a sort of specific response."", ""traits_applied"": 103, ""character_response_quality"": 103}",t,,,2025-07-26 00:56:00.231885,2025-07-26 00:56:00.231885,{},#900003,,{},{},{},{},
#80037C,,2025-07-26 00:57:29.293579+00,2025-07-26 00:57:32.567655+00,3274,completed,standard,"{""success"": true, ""final_response"": ""I am unable to sort of formulate a sort of specific response."", ""traits_applied"": 103, ""character_response_quality"": 103}",t,,,2025-07-26 00:57:29.293579,2025-07-26 00:57:29.293579,{},#900003,,{},{},{},{},
#80037D,,2025-07-26 01:05:15.514651+00,2025-07-26 01:05:18.795287+00,3281,completed,standard,"{""success"": true, ""final_response"": ""I am unable to sort of formulate a sort of specific response."", ""traits_applied"": 103, ""character_response_quality"": 103}",t,,,2025-07-26 01:05:15.514651,2025-07-26 01:05:15.514651,{},#900003,,{},{},{},{},
#80037E,,2025-07-26 01:08:19.676514+00,2025-07-26 01:08:22.518009+00,2841,completed,standard,"{""success"": true, ""final_response"": ""I am currently unable to generate a personality-driven response."", ""traits_applied"": 103, ""character_response_quality"": 103}",t,,,2025-07-26 01:08:19.676514,2025-07-26 01:08:19.676514,{},#900003,,{},{},{},{},
#80037F,,2025-07-26 01:14:22.763821+00,2025-07-26 01:14:25.742454+00,2979,completed,standard,"{""success"": true, ""final_response"": ""I am currently unable to generate a personality-driven response."", ""traits_applied"": 103, ""character_response_quality"": 103}",t,,,2025-07-26 01:14:22.763821,2025-07-26 01:14:22.763821,{},#900003,,{},{},{},{},
#800380,,2025-07-26 01:17:55.293693+00,2025-07-26 01:17:58.422065+00,3128,completed,standard,"{""success"": true, ""final_response"": ""I am unable to sort of formulate a sort of specific response."", ""traits_applied"": 103, ""character_response_quality"": 103}",t,,,2025-07-26 01:17:55.293693,2025-07-26 01:17:55.293693,{},#900003,,{},{},{},{},
#800381,,2025-07-26 01:21:06.220235+00,2025-07-26 01:21:09.741373+00,3521,completed,standard,"{""success"": true, ""final_response"": ""I am unable to sort of formulate a sort of specific response."", ""traits_applied"": 103, ""character_response_quality"": 103}",t,,,2025-07-26 01:21:06.220235,2025-07-26 01:21:06.220235,{},#900003,,{},{},{},{},
#800382,,2025-07-26 01:28:12.508716+00,2025-07-26 01:28:15.773566+00,3265,completed,standard,"{""success"": true, ""final_response"": ""I am unable to sort of formulate a sort of specific response."", ""traits_applied"": 103, ""character_response_quality"": 103}",t,,,2025-07-26 01:28:12.508716,2025-07-26 01:28:12.508716,{},#900003,,{},{},{},{},
#800383,,2025-07-26 01:30:38.657885+00,2025-07-26 01:30:41.769427+00,3112,completed,standard,"{""success"": true, ""final_response"": ""I am unable to sort of formulate a sort of specific response."", ""traits_applied"": 103, ""character_response_quality"": 103}",t,,,2025-07-26 01:30:38.657885,2025-07-26 01:30:38.657885,{},#900003,,{},{},{},{},
#800384,,2025-07-26 05:31:11.875682+00,2025-07-26 05:31:18.003089+00,6127,completed,standard,"{""success"": true, ""final_response"": ""I am unable to sort of formulate a sort of specific response."", ""traits_applied"": 103, ""character_response_quality"": 103}",t,,,2025-07-26 05:31:11.875682,2025-07-26 05:31:11.875682,{},#900003,,{},{},{},{},
#800385,,2025-07-26 05:34:43.878894+00,2025-07-26 05:34:51.795263+00,7916,completed,standard,"{""success"": true, ""final_response"": ""I am unable to sort of formulate a sort of specific response."", ""traits_applied"": 103, ""character_response_quality"": 103}",t,,,2025-07-26 05:34:43.878894,2025-07-26 05:34:43.878894,{},#900003,,{},{},{},{},
#800386,,2025-07-26 05:37:53.484529+00,2025-07-26 05:37:59.168482+00,5684,completed,standard,"{""success"": true, ""final_response"": ""I am unable to sort of formulate a sort of specific response."", ""traits_applied"": 103, ""character_response_quality"": 103}",t,,,2025-07-26 05:37:53.484529,2025-07-26 05:37:53.484529,{},#900003,,{},{},{},{},
#800387,,2025-07-26 05:41:12.036527+00,2025-07-26 05:41:14.939856+00,2903,completed,standard,"{""success"": true, ""final_response"": ""I am unable to sort of formulate a sort of specific response."", ""traits_applied"": 103, ""character_response_quality"": 103}",t,,,2025-07-26 05:41:12.036527,2025-07-26 05:41:12.036527,{},#900004,,{},{},{},{},
#800388,,2025-07-26 05:42:56.10117+00,2025-07-26 05:42:59.765022+00,3664,completed,standard,"{""success"": true, ""final_response"": ""I am unable to sort of formulate a sort of specific response."", ""traits_applied"": 103, ""character_response_quality"": 103}",t,,,2025-07-26 05:42:56.10117,2025-07-26 05:42:56.10117,{},#900003,,{},{},{},{},
#800389,,2025-07-26 05:44:52.037132+00,2025-07-26 05:44:55.689503+00,3652,completed,standard,"{""success"": true, ""final_response"": ""I am unable to sort of formulate a sort of specific response."", ""traits_applied"": 103, ""character_response_quality"": 103}",t,,,2025-07-26 05:44:52.037132,2025-07-26 05:44:52.037132,{},#900003,,{},{},{},{},
#80038A,,2025-07-26 06:05:56.913401+00,2025-07-26 06:06:00.567885+00,3654,completed,standard,"{""success"": true, ""final_response"": ""I am unable to sort of formulate a sort of specific response."", ""traits_applied"": 103, ""character_response_quality"": 103}",t,,,2025-07-26 06:05:56.913401,2025-07-26 06:05:56.913401,{},#900003,,{},{},{},{},
#80038B,,2025-07-26 06:07:37.6771+00,2025-07-26 06:07:41.492583+00,3815,completed,standard,"{""success"": true, ""final_response"": ""I am unable to sort of formulate a sort of specific response."", ""traits_applied"": 103, ""character_response_quality"": 103}",t,,,2025-07-26 06:07:37.6771,2025-07-26 06:07:37.6771,{},#900003,,{},{},{},{},
#80038C,,2025-07-26 06:11:29.285619+00,2025-07-26 06:11:30.520532+00,1235,completed,standard,"{""success"": true, ""final_response"": ""I am unable to sort of formulate a sort of specific response."", ""traits_applied"": 104, ""character_response_quality"": 104}",t,,,2025-07-26 06:11:29.285619,2025-07-26 06:11:29.285619,{},#900003,,{},{},{},{},
#80038D,,2025-07-26 06:13:29.075838+00,2025-07-26 06:13:32.314642+00,3239,completed,standard,"{""success"": true, ""final_response"": ""I am unable to sort of formulate a sort of specific response."", ""traits_applied"": 104, ""character_response_quality"": 104}",t,,,2025-07-26 06:13:29.075838,2025-07-26 06:13:29.075838,{},#900004,,{},{},{},{},
#80038E,,2025-07-26 06:15:18.379262+00,2025-07-26 06:15:22.051148+00,3672,completed,standard,"{""success"": true, ""final_response"": ""I am currently unable to generate a personality-driven response."", ""traits_applied"": 104, ""character_response_quality"": 104}",t,,,2025-07-26 06:15:18.379262,2025-07-26 06:15:18.379262,{},#900003,,{},{},{},{},
#80038F,,2025-07-26 06:17:59.40744+00,2025-07-26 06:18:03.304554+00,3897,completed,standard,"{""success"": true, ""final_response"": ""I am unable to sort of formulate a sort of specific response."", ""traits_applied"": 104, ""character_response_quality"": 104}",t,,,2025-07-26 06:17:59.40744,2025-07-26 06:17:59.40744,{},#900003,,{},{},{},{},
#800390,,2025-07-26 06:19:08.618953+00,2025-07-26 06:19:12.857184+00,4238,completed,standard,"{""success"": true, ""final_response"": ""I am unable to sort of formulate a sort of specific response."", ""traits_applied"": 104, ""character_response_quality"": 104}",t,,,2025-07-26 06:19:08.618953,2025-07-26 06:19:08.618953,{},#900004,,{},{},{},{},
#800391,,2025-07-26 06:20:59.568304+00,2025-07-26 06:21:01.617177+00,2049,completed,standard,"{""success"": true, ""final_response"": ""Tanuki are sort of supernatural shape-shifting raccoon dogs in Japanese mythology."", ""traits_applied"": 104, ""character_response_quality"": 104}",t,,,2025-07-26 06:20:59.568304,2025-07-26 06:20:59.568304,{},#900003,,{},{},{},{},
#800392,,2025-07-26 06:27:42.11955+00,2025-07-26 06:27:45.709581+00,3590,completed,standard,"{""success"": true, ""final_response"": ""I am unable to sort of formulate a sort of specific response."", ""traits_applied"": 104, ""character_response_quality"": 104}",t,,,2025-07-26 06:27:42.11955,2025-07-26 06:27:42.11955,{},#900003,,{},{},{},{},
#8003DC,,2025-08-16 09:17:21.829117+00,,,running,standard,{},t,,,2025-08-16 09:17:21.829117,2025-08-16 09:17:21.829117,{},{},,{},{},{},{},
#8003DD,,2025-08-16 23:33:10.291551+00,,,running,standard,{},t,,,2025-08-16 23:33:10.291551,2025-08-16 23:33:10.291551,{},{},,{},{},{},{},
#800393,,2025-07-26 06:49:43.315713+00,2025-07-26 06:49:47.581073+00,4265,completed,standard,"{""success"": true, ""final_response"": ""Tanuki are sort of supernatural shape-shifting raccoon dogs in Japanese mythology."", ""traits_applied"": 104, ""character_response_quality"": 104}",t,,,2025-07-26 06:49:43.315713,2025-07-26 06:49:43.315713,{},#900003,,{},{},{},{},
#8003F7,,2025-11-06 12:26:03.38271+00,,,running,standard,{},t,,,2025-11-06 12:26:03.38271,2025-11-06 12:26:03.38271,{},,,,{},{},{},
#800394,,2025-07-26 06:52:16.028984+00,2025-07-26 06:52:17.311936+00,1283,completed,standard,"{""success"": true, ""final_response"": ""I am unable to sort of formulate a sort of specific response."", ""traits_applied"": 104, ""character_response_quality"": 104}",t,,,2025-07-26 06:52:16.028984,2025-07-26 06:52:16.028984,{},#900003,,{},{},{},{},
#800395,,2025-07-26 06:58:56.587821+00,2025-07-26 06:59:01.157076+00,4569,completed,standard,"{""success"": true, ""final_response"": ""Tanuki are sort of supernatural shape-shifting raccoon dogs in Japanese mythology."", ""traits_applied"": 104, ""character_response_quality"": 104}",t,,,2025-07-26 06:58:56.587821,2025-07-26 06:58:56.587821,{},#900003,,{},{},{},{},
#800396,,2025-07-26 07:01:33.874022+00,2025-07-26 07:01:36.636416+00,2762,completed,standard,"{""success"": true, ""final_response"": ""Tanuki are sort of supernatural shape-shifting raccoon dogs in Japanese mythology."", ""traits_applied"": 104, ""character_response_quality"": 104}",t,,,2025-07-26 07:01:33.874022,2025-07-26 07:01:33.874022,{},#900003,,{},{},{},{},
#800397,,2025-07-26 07:03:09.304897+00,2025-07-26 07:03:20.934751+00,11630,completed,standard,"{""success"": true, ""final_response"": ""Tanuki are sort of supernatural shape-shifting raccoon dogs in Japanese mythology."", ""traits_applied"": 104, ""character_response_quality"": 104}",t,,,2025-07-26 07:03:09.304897,2025-07-26 07:03:09.304897,{},#900003,,{},{},{},{},
#800398,,2025-07-26 07:04:58.453675+00,2025-07-26 07:05:06.330629+00,7877,completed,standard,"{""success"": true, ""final_response"": ""Tanuki are sort of supernatural shape-shifting raccoon dogs in Japanese mythology."", ""traits_applied"": 104, ""character_response_quality"": 104}",t,,,2025-07-26 07:04:58.453675,2025-07-26 07:04:58.453675,{},#900003,,{},{},{},{},
#800399,,2025-07-26 07:09:19.595388+00,2025-07-26 07:09:27.532224+00,7937,completed,standard,"{""success"": true, ""final_response"": ""I am unable to sort of formulate a sort of specific response."", ""traits_applied"": 104, ""character_response_quality"": 104}",t,,,2025-07-26 07:09:19.595388,2025-07-26 07:09:19.595388,{},#900004,,{},{},{},{},
#80039A,,2025-07-26 07:39:29.471991+00,2025-07-26 07:39:33.441428+00,3969,completed,standard,"{""success"": true, ""final_response"": ""I am unable to sort of formulate a sort of specific response."", ""traits_applied"": 104, ""character_response_quality"": 104}",t,,,2025-07-26 07:39:29.471991,2025-07-26 07:39:29.471991,{},#900000,,{},{},{},{},
#80039B,,2025-07-26 07:44:02.919886+00,2025-07-26 07:44:04.144281+00,1224,completed,standard,"{""success"": true, ""final_response"": ""I am unable to sort of formulate a sort of specific response."", ""traits_applied"": 104, ""character_response_quality"": 104}",t,,,2025-07-26 07:44:02.919886,2025-07-26 07:44:02.919886,{},#900000,,{},{},{},{},
#80039C,,2025-07-26 07:51:31.33124+00,2025-07-26 07:51:35.159928+00,3829,completed,standard,"{""success"": true, ""final_response"": ""I am unable to sort of formulate a sort of specific response."", ""traits_applied"": 104, ""character_response_quality"": 104}",t,,,2025-07-26 07:51:31.33124,2025-07-26 07:51:31.33124,{},#900000,,{},{},{},{},
#80039D,,2025-07-26 07:58:25.062824+00,2025-07-26 07:58:26.157071+00,1094,completed,standard,"{""success"": true, ""final_response"": ""I am unable to formulate a specific response. To be honest,."", ""traits_applied"": 104, ""character_response_quality"": 104}",t,,,2025-07-26 07:58:25.062824,2025-07-26 07:58:25.062824,{},#900000,,{},{},{},{},
#80039E,,2025-07-26 08:03:47.381721+00,2025-07-26 08:03:51.102439+00,3721,completed,standard,"{""success"": true, ""final_response"": ""I am unable to formulate a specific response. To be honest,."", ""traits_applied"": 320, ""character_response_quality"": 320}",t,,,2025-07-26 08:03:47.381721,2025-07-26 08:03:47.381721,{},#900000,,{},{},{},{},
#80039F,,2025-07-26 08:06:18.085384+00,2025-07-26 08:06:19.219079+00,1134,completed,standard,"{""success"": true, ""final_response"": ""I am unable to formulate a specific response. To be honest,."", ""traits_applied"": 320, ""character_response_quality"": 320}",t,,,2025-07-26 08:06:18.085384,2025-07-26 08:06:18.085384,{},#900000,,{},{},{},{},
#8003A0,,2025-07-26 08:09:26.43502+00,2025-07-26 08:09:27.530174+00,1095,completed,standard,"{""success"": true, ""final_response"": ""I am unable to formulate a specific response. To be honest,."", ""traits_applied"": 270, ""character_response_quality"": 270}",t,,,2025-07-26 08:09:26.43502,2025-07-26 08:09:26.43502,{},#900000,,{},{},{},{},
#8003A1,,2025-07-26 08:15:18.317483+00,2025-07-26 08:15:19.456475+00,1139,completed,standard,"{""success"": true, ""final_response"": ""I am unable to formulate a specific response. To be honest,."", ""traits_applied"": 270, ""character_response_quality"": 270}",t,,,2025-07-26 08:15:18.317483,2025-07-26 08:15:18.317483,{},#900000,,{},{},{},{},
#8003A2,,2025-07-26 08:21:25.060898+00,2025-07-26 08:21:28.14845+00,3088,completed,standard,"{""success"": true, ""final_response"": ""I am unable to formulate a specific response. To be honest,."", ""traits_applied"": 270, ""character_response_quality"": 270}",t,,,2025-07-26 08:21:25.060898,2025-07-26 08:21:25.060898,{},#900000,,{},{},{},{},
#8003A3,,2025-07-26 08:24:10.347983+00,2025-07-26 08:24:11.619543+00,1272,completed,standard,"{""success"": true, ""final_response"": ""I am unable to formulate a specific response. To be honest,."", ""traits_applied"": 270, ""character_response_quality"": 270}",t,,,2025-07-26 08:24:10.347983,2025-07-26 08:24:10.347983,{},#900000,,{},{},{},{},
#8003A4,,2025-07-26 08:31:18.605685+00,2025-07-26 08:31:21.961968+00,3356,completed,standard,"{""success"": true, ""final_response"": ""In conclusion, so, however, well, i mean, you know, i am unable to formulate a specific response. To be honest,."", ""traits_applied"": 270, ""character_response_quality"": 270}",t,,,2025-07-26 08:31:18.605685,2025-07-26 08:31:18.605685,{},#900000,,{},{},{},{},
#8003A5,,2025-07-26 08:32:33.560197+00,2025-07-26 08:32:36.483493+00,2923,completed,standard,"{""success"": true, ""final_response"": ""In conclusion, so, however, well, i mean, you know, i am unable to formulate a specific response. To be honest,."", ""traits_applied"": 270, ""character_response_quality"": 270}",t,,,2025-07-26 08:32:33.560197,2025-07-26 08:32:33.560197,{},#900001,,{},{},{},{},
#8003A6,,2025-07-26 08:32:44.985549+00,2025-07-26 08:32:45.832171+00,847,completed,standard,"{""success"": true, ""final_response"": ""In conclusion, so, however, well, i mean, you know, i am unable to formulate a specific response. To be honest,."", ""traits_applied"": 270, ""character_response_quality"": 270}",t,,,2025-07-26 08:32:44.985549,2025-07-26 08:32:44.985549,{},#900002,,{},{},{},{},
#8003A7,,2025-07-26 08:35:35.505417+00,2025-07-26 08:35:39.329647+00,3824,completed,standard,"{""success"": true, ""final_response"": ""In conclusion, however, i am unable very to formulate very a specific very response very To be honest,."", ""traits_applied"": 270, ""character_response_quality"": 270}",t,,,2025-07-26 08:35:35.505417,2025-07-26 08:35:35.505417,{},#900000,,{},{},{},{},
#8003A8,,2025-07-26 08:35:45.795231+00,2025-07-26 08:35:46.589481+00,794,completed,standard,"{""success"": true, ""final_response"": ""In conclusion, however, i am unable very to formulate very a specific very response very To be honest,."", ""traits_applied"": 270, ""character_response_quality"": 270}",t,,,2025-07-26 08:35:45.795231,2025-07-26 08:35:45.795231,{},#900001,,{},{},{},{},
#8003A9,,2025-07-26 08:38:43.927274+00,2025-07-26 08:38:47.117426+00,3190,completed,standard,"{""success"": true, ""final_response"": ""In conclusion, so, however, well, i mean, you know, i am unable to formulate a specific response. To be honest,."", ""traits_applied"": 270, ""character_response_quality"": 270}",t,,,2025-07-26 08:38:43.927274,2025-07-26 08:38:43.927274,{},#900000,,{},{},{},{},
#8003AA,,2025-07-26 10:13:19.279171+00,2025-07-26 10:13:22.981631+00,3702,completed,standard,"{""success"": true, ""final_response"": ""In conclusion, so, however, well, i mean, you know, i am unable to formulate a specific response. To be honest,."", ""traits_applied"": 270, ""character_response_quality"": 270}",t,,,2025-07-26 10:13:19.279171,2025-07-26 10:13:19.279171,{},#900000,,{},{},{},{},
#8003AB,,2025-07-26 20:25:28.517649+00,2025-07-26 20:25:37.051118+00,8533,completed,standard,"{""success"": true, ""final_response"": ""In conclusion, so, however, well, i mean, you know, i am unable to formulate a specific response. To be honest,."", ""traits_applied"": 270, ""character_response_quality"": 270}",t,,,2025-07-26 20:25:28.517649,2025-07-26 20:25:28.517649,{},#900002,,{},{},{},{},
#8003AC,,2025-07-26 23:16:13.291995+00,2025-07-26 23:16:16.652214+00,3360,completed,standard,"{""success"": true, ""final_response"": ""In conclusion, so, however, well, i mean, you know, i am unable to formulate a specific response. To be honest,."", ""traits_applied"": 270, ""character_response_quality"": 270}",t,,,2025-07-26 23:16:13.291995,2025-07-26 23:16:13.291995,{},#900002,,{},{},{},{},
#8003AD,,2025-07-26 23:16:26.158884+00,2025-07-26 23:16:28.041604+00,1883,completed,standard,"{""success"": true, ""final_response"": ""In conclusion, so, however, well, i mean, you know, i am unable to formulate a specific response. To be honest,."", ""traits_applied"": 270, ""character_response_quality"": 270}",t,,,2025-07-26 23:16:26.158884,2025-07-26 23:16:26.158884,{},#900003,,{},{},{},{},
#8003AE,,2025-08-07 20:24:17.42454+00,,,failed,coding_training,{},t,,,2025-08-07 20:24:17.42454,2025-08-07 20:24:17.42454,{},,,,"{""error"": ""Claude API integration needed here - replace this with actual Claude response generation"", ""module"": ""coding_training"", ""language"": ""html"", ""startTime"": ""2025-08-07T20:24:17.451Z""}",{},{},
#8003AF,,2025-08-07 21:29:23.652021+00,,,failed,coding_training,{},t,,,2025-08-07 21:29:23.652021,2025-08-07 21:29:23.652021,{},,,,"{""error"": ""insert or update on table \""tse_coding_student_records\"" violates foreign key constraint \""tse_coding_student_records_teacher_record_id_fkey\"""", ""module"": ""coding_training"", ""language"": ""html"", ""startTime"": ""2025-08-07T21:29:23.667Z""}",{},{},
#8003B0,,2025-08-07 22:06:28.791323+00,2025-08-07 22:06:29.494172+00,703,completed,coding_training,{},t,,,2025-08-07 22:06:28.791323,2025-08-07 22:06:28.791323,{},,,,"{""module"": ""coding_training"", ""language"": ""html"", ""startTime"": ""2025-08-07T22:06:28.801Z""}","{""score"": 75, ""efficiency"": 75, ""correctness"": 70, ""readability"": 80, ""bestPractices"": 75}","{""errors"": [], ""feedback"": ""Good effort on html_basics. Your code shows understanding but has room for improvement. "", ""suggestions"": [], ""readyToAdvance"": false}",
#8003B1,,2025-08-07 22:07:15.571228+00,2025-08-07 22:07:16.231284+00,660,completed,coding_training,{},t,,,2025-08-07 22:07:15.571228,2025-08-07 22:07:15.571228,{},,,,"{""module"": ""coding_training"", ""language"": ""html"", ""startTime"": ""2025-08-07T22:07:15.609Z""}","{""score"": 75, ""efficiency"": 75, ""correctness"": 70, ""readability"": 80, ""bestPractices"": 75}","{""errors"": [], ""feedback"": ""Good effort on html_basics. Your code shows understanding but has room for improvement. "", ""suggestions"": [], ""readyToAdvance"": false}",
#8003B2,,2025-08-15 05:26:21.375633+00,,,running,standard,{},t,,,2025-08-15 05:26:21.375633,2025-08-15 05:26:21.375633,{},{},,{},{},{},{},
#8003B3,,2025-08-15 05:26:28.464069+00,,,running,standard,{},t,,,2025-08-15 05:26:28.464069,2025-08-15 05:26:28.464069,{},{},,{},{},{},{},
#8003B4,,2025-08-15 05:26:37.099222+00,,,running,standard,{},t,,,2025-08-15 05:26:37.099222,2025-08-15 05:26:37.099222,{},{},,{},{},{},{},
#8003B5,,2025-08-15 05:39:25.200774+00,,,running,standard,{},t,,,2025-08-15 05:39:25.200774,2025-08-15 05:39:25.200774,{},{},,{},{},{},{},
#8003B6,,2025-08-15 05:39:34.496925+00,,,running,standard,{},t,,,2025-08-15 05:39:34.496925,2025-08-15 05:39:34.496925,{},{},,{},{},{},{},
#8003B7,,2025-08-15 05:51:50.044504+00,,,running,standard,{},t,,,2025-08-15 05:51:50.044504,2025-08-15 05:51:50.044504,{},{},,{},{},{},{},
#8003B8,,2025-08-15 06:12:58.645828+00,,,running,standard,{},t,,,2025-08-15 06:12:58.645828,2025-08-15 06:12:58.645828,{},{},,{},{},{},{},
#8003B9,,2025-08-15 06:13:01.931144+00,,,running,standard,{},t,,,2025-08-15 06:13:01.931144,2025-08-15 06:13:01.931144,{},{},,{},{},{},{},
#8003BA,,2025-08-15 08:24:38.172833+00,,,running,standard,{},t,,,2025-08-15 08:24:38.172833,2025-08-15 08:24:38.172833,{},{},,{},{},{},{},
#8003BB,,2025-08-15 08:24:44.739686+00,,,running,standard,{},t,,,2025-08-15 08:24:44.739686,2025-08-15 08:24:44.739686,{},{},,{},{},{},{},
#8003BC,,2025-08-15 08:24:50.598526+00,,,running,standard,{},t,,,2025-08-15 08:24:50.598526,2025-08-15 08:24:50.598526,{},{},,{},{},{},{},
#8003BD,,2025-08-15 08:24:53.886081+00,,,running,standard,{},t,,,2025-08-15 08:24:53.886081,2025-08-15 08:24:53.886081,{},{},,{},{},{},{},
#8003BE,,2025-08-16 02:38:34.794068+00,,,running,standard,{},t,,,2025-08-16 02:38:34.794068,2025-08-16 02:38:34.794068,{},{},,{},{},{},{},
#8003BF,,2025-08-16 02:43:37.503089+00,,,running,standard,{},t,,,2025-08-16 02:43:37.503089,2025-08-16 02:43:37.503089,{},{},,{},{},{},{},
#8003C0,,2025-08-16 04:02:45.01906+00,,,running,standard,{},t,,,2025-08-16 04:02:45.01906,2025-08-16 04:02:45.01906,{},{},,{},{},{},{},
#8003C1,,2025-08-16 04:03:54.254986+00,,,running,standard,{},t,,,2025-08-16 04:03:54.254986,2025-08-16 04:03:54.254986,{},{},,{},{},{},{},
#8003C2,,2025-08-16 05:29:32.070251+00,,,running,standard,{},t,,,2025-08-16 05:29:32.070251,2025-08-16 05:29:32.070251,{},{},,{},{},{},{},
#8003C3,,2025-08-16 05:34:06.431091+00,,,running,standard,{},t,,,2025-08-16 05:34:06.431091,2025-08-16 05:34:06.431091,{},{},,{},{},{},{},
#8003C4,,2025-08-16 05:46:00.162746+00,,,running,standard,{},t,,,2025-08-16 05:46:00.162746,2025-08-16 05:46:00.162746,{},{},,{},{},{},{},
#8003C5,,2025-08-16 07:05:17.603783+00,,,running,standard,{},t,,,2025-08-16 07:05:17.603783,2025-08-16 07:05:17.603783,{},{},,{},{},{},{},
#8003C6,,2025-08-16 07:06:52.182504+00,,,running,standard,{},t,,,2025-08-16 07:06:52.182504,2025-08-16 07:06:52.182504,{},{},,{},{},{},{},
#8003C7,,2025-08-16 07:11:08.338329+00,,,running,standard,{},t,,,2025-08-16 07:11:08.338329,2025-08-16 07:11:08.338329,{},{},,{},{},{},{},
#8003C8,,2025-08-16 07:12:42.609572+00,,,running,standard,{},t,,,2025-08-16 07:12:42.609572,2025-08-16 07:12:42.609572,{},{},,{},{},{},{},
#8003C9,,2025-08-16 07:13:04.657457+00,,,running,standard,{},t,,,2025-08-16 07:13:04.657457,2025-08-16 07:13:04.657457,{},{},,{},{},{},{},
#8003CA,,2025-08-16 07:13:24.056866+00,,,running,standard,{},t,,,2025-08-16 07:13:24.056866,2025-08-16 07:13:24.056866,{},{},,{},{},{},{},
#8003CB,,2025-08-16 07:13:56.811534+00,,,running,standard,{},t,,,2025-08-16 07:13:56.811534,2025-08-16 07:13:56.811534,{},{},,{},{},{},{},
#8003CC,,2025-08-16 07:14:13.978995+00,,,running,standard,{},t,,,2025-08-16 07:14:13.978995,2025-08-16 07:14:13.978995,{},{},,{},{},{},{},
#8003CD,,2025-08-16 07:14:29.900839+00,,,running,standard,{},t,,,2025-08-16 07:14:29.900839,2025-08-16 07:14:29.900839,{},{},,{},{},{},{},
#8003CE,,2025-08-16 07:16:01.251696+00,,,running,standard,{},t,,,2025-08-16 07:16:01.251696,2025-08-16 07:16:01.251696,{},{},,{},{},{},{},
#8003CF,,2025-08-16 07:16:18.498053+00,,,running,standard,{},t,,,2025-08-16 07:16:18.498053,2025-08-16 07:16:18.498053,{},{},,{},{},{},{},
#8003D0,,2025-08-16 07:20:13.543588+00,,,running,standard,{},t,,,2025-08-16 07:20:13.543588,2025-08-16 07:20:13.543588,{},{},,{},{},{},{},
#8003D1,,2025-08-16 07:20:27.553239+00,,,running,standard,{},t,,,2025-08-16 07:20:27.553239,2025-08-16 07:20:27.553239,{},{},,{},{},{},{},
#8003D2,,2025-08-16 07:20:44.437438+00,,,running,standard,{},t,,,2025-08-16 07:20:44.437438,2025-08-16 07:20:44.437438,{},{},,{},{},{},{},
#8003D3,,2025-08-16 07:27:23.319649+00,,,running,standard,{},t,,,2025-08-16 07:27:23.319649,2025-08-16 07:27:23.319649,{},{},,{},{},{},{},
#8003D4,,2025-08-16 07:27:54.959707+00,,,running,standard,{},t,,,2025-08-16 07:27:54.959707,2025-08-16 07:27:54.959707,{},{},,{},{},{},{},
#8003D5,,2025-08-16 07:30:20.874239+00,,,running,standard,{},t,,,2025-08-16 07:30:20.874239,2025-08-16 07:30:20.874239,{},{},,{},{},{},{},
#8003D6,,2025-08-16 07:30:27.525655+00,,,running,standard,{},t,,,2025-08-16 07:30:27.525655,2025-08-16 07:30:27.525655,{},{},,{},{},{},{},
#8003D7,,2025-08-16 07:50:18.335058+00,,,running,standard,{},t,,,2025-08-16 07:50:18.335058,2025-08-16 07:50:18.335058,{},{},,{},{},{},{},
#8003D8,,2025-08-16 07:51:10.272685+00,,,running,standard,{},t,,,2025-08-16 07:51:10.272685,2025-08-16 07:51:10.272685,{},{},,{},{},{},{},
#8003D9,,2025-08-16 07:51:36.076403+00,,,running,standard,{},t,,,2025-08-16 07:51:36.076403,2025-08-16 07:51:36.076403,{},{},,{},{},{},{},
#8003DA,,2025-08-16 07:57:20.764636+00,,,running,standard,{},t,,,2025-08-16 07:57:20.764636,2025-08-16 07:57:20.764636,{},{},,{},{},{},{},
#8003DB,,2025-08-16 08:01:17.724187+00,,,running,standard,{},t,,,2025-08-16 08:01:17.724187,2025-08-16 08:01:17.724187,{},{},,{},{},{},{},
#8003DE,,2025-08-17 00:07:05.660065+00,,,running,standard,{},t,,,2025-08-17 00:07:05.660065,2025-08-17 00:07:05.660065,{},{},,{},{},{},{},
#8003DF,,2025-08-17 00:08:16.515631+00,,,running,standard,{},t,,,2025-08-17 00:08:16.515631,2025-08-17 00:08:16.515631,{},{},,{},{},{},{},
#8003E0,,2025-08-17 00:23:26.762941+00,,,running,standard,{},t,,,2025-08-17 00:23:26.762941,2025-08-17 00:23:26.762941,{},{},,{},{},{},{},
#8003E1,,2025-08-17 00:23:41.140568+00,,,running,standard,{},t,,,2025-08-17 00:23:41.140568,2025-08-17 00:23:41.140568,{},{},,{},{},{},{},
#8003E2,,2025-08-17 00:32:50.521184+00,,,running,standard,{},t,,,2025-08-17 00:32:50.521184,2025-08-17 00:32:50.521184,{},{},,{},{},{},{},
#8003E3,,2025-08-17 00:32:57.253561+00,,,running,standard,{},t,,,2025-08-17 00:32:57.253561,2025-08-17 00:32:57.253561,{},{},,{},{},{},{},
#8003E4,,2025-08-17 06:09:05.338072+00,,,running,standard,{},t,,,2025-08-17 06:09:05.338072,2025-08-17 06:09:05.338072,{},{},,{},{},{},{},
#8003E5,,2025-08-17 06:22:09.731945+00,,,running,standard,{},t,,,2025-08-17 06:22:09.731945,2025-08-17 06:22:09.731945,{},{},,{},{},{},{},
#8003E6,,2025-08-17 08:13:17.263764+00,,,running,standard,{},t,,,2025-08-17 08:13:17.263764,2025-08-17 08:13:17.263764,{},{},,{},{},{},{},
#8003E7,,2025-11-04 10:30:43.399058+00,2025-11-04 10:30:43.960258+00,561,completed,knowledge_learning,{},t,,,2025-11-04 10:30:43.399058,2025-11-04 10:30:43.399058,{},,,,"{""query"": ""What are tanuki known for in Japanese folklore?"", ""domain"": ""mythology"", ""module"": ""knowledge_learning"", ""startTime"": ""2025-11-04T10:30:43.407Z"", ""characterId"": ""#700002""}","{""score"": 100, ""cognitiveLoad"": 0, ""processingTime"": 1138, ""traitAlignment"": 100, ""appropriateness"": 100}","{""feedback"": ""Response delivered in exploratory_inviting style with 1 trait influences detected"", ""deliveryStyle"": ""exploratory_inviting"", ""traitInfluences"": [{""impact"": ""Indirect teaching and gentle encouragement required"", ""pattern"": ""curious_cautious"", ""strength"": 0.75}], ""emergentPatterns"": [{""name"": ""curious_cautious"", ""impact"": ""Indirect teaching and gentle encouragement required"", ""strength"": 0.75, ""description"": ""Wants knowledge but needs safe environment""}]}",
#8003F8,,2025-11-06 12:26:57.303426+00,,,running,standard,{},t,,,2025-11-06 12:26:57.303426,2025-11-06 12:26:57.303426,{},,,,{},{},{},
#8003E8,,2025-11-04 10:52:09.283788+00,2025-11-04 10:52:10.425348+00,1142,completed,knowledge_learning,{},t,,,2025-11-04 10:52:09.283788,2025-11-04 10:52:09.283788,{},,,,"{""query"": ""Tell me about shapeshifting in Japanese folklore"", ""domain"": ""mythology"", ""module"": ""knowledge_learning"", ""startTime"": ""2025-11-04T10:52:09.351Z"", ""characterId"": ""#700002""}","{""score"": 100, ""cognitiveLoad"": 0, ""processingTime"": 1625, ""traitAlignment"": 100, ""appropriateness"": 100}","{""feedback"": ""Response delivered in exploratory_inviting style with 1 trait influences detected"", ""deliveryStyle"": ""exploratory_inviting"", ""traitInfluences"": [{""impact"": ""Indirect teaching and gentle encouragement required"", ""pattern"": ""curious_cautious"", ""strength"": 0.75}], ""emergentPatterns"": [{""name"": ""curious_cautious"", ""impact"": ""Indirect teaching and gentle encouragement required"", ""strength"": 0.75, ""description"": ""Wants knowledge but needs safe environment""}]}",
#8003FB,,2025-11-06 12:29:54.774084+00,,,running,standard,{},t,,,2025-11-06 12:29:54.774084,2025-11-06 12:29:54.774084,{},,,,{},{},{},
#8003E9,,2025-11-04 13:10:20.050211+00,,,failed,knowledge_learning,{},t,,,2025-11-04 13:10:20.050211,2025-11-04 13:10:20.050211,{},,,,"{""error"": ""column ki.item_id does not exist"", ""query"": ""What are tanuki?"", ""domain"": ""general"", ""module"": ""knowledge_learning"", ""startTime"": ""2025-11-04T13:10:20.125Z"", ""characterId"": ""#700002""}",{},{},
#8003FE,,2025-11-06 12:32:12.966669+00,,,running,standard,{},t,,,2025-11-06 12:32:12.966669,2025-11-06 12:32:12.966669,{},,,,{},{},{},
#8003EA,,2025-11-04 13:14:35.407317+00,2025-11-04 13:14:35.984056+00,577,completed,knowledge_learning,{},t,,,2025-11-04 13:14:35.407317,2025-11-04 13:14:35.407317,{},,,,"{""query"": ""What are tanuki?"", ""domain"": ""general"", ""module"": ""knowledge_learning"", ""startTime"": ""2025-11-04T13:14:35.422Z"", ""characterId"": ""#700002""}","{""score"": 100, ""cognitiveLoad"": 0, ""processingTime"": 1511, ""traitAlignment"": 100, ""appropriateness"": 100}","{""feedback"": ""Response delivered in exploratory_inviting style with 1 trait influences detected"", ""deliveryStyle"": ""exploratory_inviting"", ""traitInfluences"": [{""impact"": ""Indirect teaching and gentle encouragement required"", ""pattern"": ""curious_cautious"", ""strength"": 0.75}], ""emergentPatterns"": [{""name"": ""curious_cautious"", ""impact"": ""Indirect teaching and gentle encouragement required"", ""strength"": 0.75, ""description"": ""Wants knowledge but needs safe environment""}]}",
#800400,,2025-11-06 13:55:46.725012+00,,,running,standard,{},t,,,2025-11-06 13:55:46.725012,2025-11-06 13:55:46.725012,{},,,,{},{},{},
#8003EB,,2025-11-04 13:17:30.763058+00,2025-11-04 13:17:31.34732+00,584,completed,knowledge_learning,{},t,,,2025-11-04 13:17:30.763058,2025-11-04 13:17:30.763058,{},,,,"{""query"": ""What are tanuki?"", ""domain"": ""general"", ""module"": ""knowledge_learning"", ""startTime"": ""2025-11-04T13:17:30.774Z"", ""characterId"": ""#700002""}","{""score"": 100, ""cognitiveLoad"": 0, ""processingTime"": 8125, ""traitAlignment"": 100, ""appropriateness"": 100}","{""feedback"": ""Response delivered in exploratory_inviting style with 1 trait influences detected"", ""deliveryStyle"": ""exploratory_inviting"", ""traitInfluences"": [{""impact"": ""Indirect teaching and gentle encouragement required"", ""pattern"": ""curious_cautious"", ""strength"": 0.75}], ""emergentPatterns"": [{""name"": ""curious_cautious"", ""impact"": ""Indirect teaching and gentle encouragement required"", ""strength"": 0.75, ""description"": ""Wants knowledge but needs safe environment""}]}",
#8003EC,,2025-11-04 13:18:35.263958+00,2025-11-04 13:18:35.820736+00,557,completed,knowledge_learning,{},t,,,2025-11-04 13:18:35.263958,2025-11-04 13:18:35.263958,{},,,,"{""query"": ""shapeshifting mythology"", ""domain"": ""general"", ""module"": ""knowledge_learning"", ""startTime"": ""2025-11-04T13:18:35.272Z"", ""characterId"": ""#700002""}","{""score"": 100, ""cognitiveLoad"": 0, ""processingTime"": 2164, ""traitAlignment"": 100, ""appropriateness"": 100}","{""feedback"": ""Response delivered in exploratory_inviting style with 1 trait influences detected"", ""deliveryStyle"": ""exploratory_inviting"", ""traitInfluences"": [{""impact"": ""Indirect teaching and gentle encouragement required"", ""pattern"": ""curious_cautious"", ""strength"": 0.75}], ""emergentPatterns"": [{""name"": ""curious_cautious"", ""impact"": ""Indirect teaching and gentle encouragement required"", ""strength"": 0.75, ""description"": ""Wants knowledge but needs safe environment""}]}",
#8003ED,,2025-11-04 13:30:15.511549+00,2025-11-04 13:30:16.084195+00,573,completed,knowledge_learning,{},t,,,2025-11-04 13:30:15.511549,2025-11-04 13:30:15.511549,{},,,,"{""query"": ""What are tanuki?"", ""domain"": ""general"", ""module"": ""knowledge_learning"", ""startTime"": ""2025-11-04T13:30:15.516Z"", ""characterId"": ""#700002""}","{""score"": 100, ""cognitiveLoad"": 0, ""processingTime"": 7350, ""traitAlignment"": 100, ""appropriateness"": 100}","{""feedback"": ""Response delivered in exploratory_inviting style with 1 trait influences detected"", ""deliveryStyle"": ""exploratory_inviting"", ""traitInfluences"": [{""impact"": ""Indirect teaching and gentle encouragement required"", ""pattern"": ""curious_cautious"", ""strength"": 0.75}], ""emergentPatterns"": [{""name"": ""curious_cautious"", ""impact"": ""Indirect teaching and gentle encouragement required"", ""strength"": 0.75, ""description"": ""Wants knowledge but needs safe environment""}]}",
#8003EE,,2025-11-04 23:48:13.128344+00,2025-11-04 23:48:14.12824+00,1000,completed,knowledge_learning,{},t,,,2025-11-04 23:48:13.128344,2025-11-04 23:48:13.128344,{},,,,"{""query"": ""Japanese folklore creatures"", ""domain"": ""general"", ""module"": ""knowledge_learning"", ""startTime"": ""2025-11-04T23:48:13.132Z"", ""characterId"": ""#700002""}","{""score"": 100, ""cognitiveLoad"": 0, ""processingTime"": 2123, ""traitAlignment"": 100, ""appropriateness"": 100}","{""feedback"": ""Response delivered in exploratory_inviting style with 1 trait influences detected"", ""deliveryStyle"": ""exploratory_inviting"", ""traitInfluences"": [{""impact"": ""Indirect teaching and gentle encouragement required"", ""pattern"": ""curious_cautious"", ""strength"": 0.75}], ""emergentPatterns"": [{""name"": ""curious_cautious"", ""impact"": ""Indirect teaching and gentle encouragement required"", ""strength"": 0.75, ""description"": ""Wants knowledge but needs safe environment""}]}",
#8003F2,,2025-11-06 04:27:35.867473+00,2025-11-06 04:27:36.604741+00,737,completed,knowledge_learning,{},t,,,2025-11-06 04:27:35.867473,2025-11-06 04:27:35.867473,{},,,,"{""query"": ""What is a tanuki?"", ""domain"": ""general"", ""module"": ""knowledge_learning"", ""startTime"": ""2025-11-06T04:27:35.938Z"", ""characterId"": ""#700002""}","{""score"": 82, ""cognitiveLoad"": 0, ""processingTime"": 8610, ""traitAlignment"": 100, ""appropriateness"": 64}","{""feedback"": ""4-Pillar Score: Ground Truth 50%, Coverage 50%, No Contradictions 100%, Style Fit 74%"", ""deliveryStyle"": ""exploratory_inviting"", ""traitInfluences"": [{""impact"": ""Indirect teaching and gentle encouragement required"", ""pattern"": ""curious_cautious"", ""strength"": 0.75}], ""emergentPatterns"": [{""name"": ""curious_cautious"", ""impact"": ""Indirect teaching and gentle encouragement required"", ""strength"": 0.75, ""description"": ""Wants knowledge but needs safe environment""}]}",
#8003EF,,2025-11-05 03:03:22.912044+00,,,failed,knowledge_learning,{},t,,,2025-11-05 03:03:22.912044,2025-11-05 03:03:22.912044,{},,,,"{""error"": ""Cannot read properties of undefined (reading 'toLowerCase')"", ""query"": ""What is a tanuki?"", ""domain"": ""general"", ""module"": ""knowledge_learning"", ""startTime"": ""2025-11-05T03:03:22.918Z"", ""characterId"": ""#700002""}",{},{},
#8003F3,,2025-11-06 04:57:49.58761+00,2025-11-06 04:57:50.320324+00,733,completed,knowledge_learning,{},t,,,2025-11-06 04:57:49.58761,2025-11-06 04:57:49.58761,{},,,,"{""query"": ""What is a tanuki?"", ""domain"": ""general"", ""module"": ""knowledge_learning"", ""startTime"": ""2025-11-06T04:57:49.631Z"", ""characterId"": ""#700002""}","{""score"": 82, ""cognitiveLoad"": 0, ""processingTime"": 8720, ""traitAlignment"": 100, ""appropriateness"": 64}","{""feedback"": ""4-Pillar Score: Ground Truth 50%, Coverage 50%, No Contradictions 100%, Style Fit 74%"", ""deliveryStyle"": ""exploratory_inviting"", ""traitInfluences"": [{""impact"": ""Indirect teaching and gentle encouragement required"", ""pattern"": ""curious_cautious"", ""strength"": 0.75}], ""emergentPatterns"": [{""name"": ""curious_cautious"", ""impact"": ""Indirect teaching and gentle encouragement required"", ""strength"": 0.75, ""description"": ""Wants knowledge but needs safe environment""}]}",
#8003F0,,2025-11-05 03:12:51.662298+00,2025-11-05 03:12:52.234356+00,572,completed,knowledge_learning,{},t,,,2025-11-05 03:12:51.662298,2025-11-05 03:12:51.662298,{},,,,"{""query"": ""What is a tanuki?"", ""domain"": ""general"", ""module"": ""knowledge_learning"", ""startTime"": ""2025-11-05T03:12:51.701Z"", ""characterId"": ""#700002""}","{""score"": 82, ""cognitiveLoad"": 0, ""processingTime"": 7057, ""traitAlignment"": 100, ""appropriateness"": 64}","{""feedback"": ""4-Pillar Score: Ground Truth 50%, Coverage 50%, No Contradictions 100%, Style Fit 74%"", ""deliveryStyle"": ""exploratory_inviting"", ""traitInfluences"": [{""impact"": ""Indirect teaching and gentle encouragement required"", ""pattern"": ""curious_cautious"", ""strength"": 0.75}], ""emergentPatterns"": [{""name"": ""curious_cautious"", ""impact"": ""Indirect teaching and gentle encouragement required"", ""strength"": 0.75, ""description"": ""Wants knowledge but needs safe environment""}]}",
#8003F4,,2025-11-06 04:59:11.800792+00,2025-11-06 04:59:12.541731+00,741,completed,knowledge_learning,{},t,,,2025-11-06 04:59:11.800792,2025-11-06 04:59:11.800792,{},,,,"{""query"": ""What is a tanuki?"", ""domain"": ""general"", ""module"": ""knowledge_learning"", ""startTime"": ""2025-11-06T04:59:11.845Z"", ""characterId"": ""#700002""}","{""score"": 82, ""cognitiveLoad"": 0, ""processingTime"": 8617, ""traitAlignment"": 100, ""appropriateness"": 64}","{""feedback"": ""4-Pillar Score: Ground Truth 50%, Coverage 50%, No Contradictions 100%, Style Fit 74%"", ""deliveryStyle"": ""exploratory_inviting"", ""traitInfluences"": [{""impact"": ""Indirect teaching and gentle encouragement required"", ""pattern"": ""curious_cautious"", ""strength"": 0.75}], ""emergentPatterns"": [{""name"": ""curious_cautious"", ""impact"": ""Indirect teaching and gentle encouragement required"", ""strength"": 0.75, ""description"": ""Wants knowledge but needs safe environment""}]}",
#8003F1,,2025-11-05 03:59:04.466489+00,2025-11-05 03:59:05.035284+00,569,completed,knowledge_learning,{},t,,,2025-11-05 03:59:04.466489,2025-11-05 03:59:04.466489,{},,,,"{""query"": ""What is a tanuki?"", ""domain"": ""general"", ""module"": ""knowledge_learning"", ""startTime"": ""2025-11-05T03:59:04.523Z"", ""characterId"": ""#700002""}","{""score"": 82, ""cognitiveLoad"": 0, ""processingTime"": 7808, ""traitAlignment"": 100, ""appropriateness"": 64}","{""feedback"": ""4-Pillar Score: Ground Truth 50%, Coverage 50%, No Contradictions 100%, Style Fit 74%"", ""deliveryStyle"": ""exploratory_inviting"", ""traitInfluences"": [{""impact"": ""Indirect teaching and gentle encouragement required"", ""pattern"": ""curious_cautious"", ""strength"": 0.75}], ""emergentPatterns"": [{""name"": ""curious_cautious"", ""impact"": ""Indirect teaching and gentle encouragement required"", ""strength"": 0.75, ""description"": ""Wants knowledge but needs safe environment""}]}",
#8003F9,,2025-11-06 12:28:25.667448+00,,,running,standard,{},t,,,2025-11-06 12:28:25.667448,2025-11-06 12:28:25.667448,{},,,,{},{},{},
#8003FC,,2025-11-06 12:30:44.341202+00,,,running,standard,{},t,,,2025-11-06 12:30:44.341202,2025-11-06 12:30:44.341202,{},,,,{},{},{},
#8003FF,,2025-11-06 12:33:37.293122+00,,,running,standard,{},t,,,2025-11-06 12:33:37.293122,2025-11-06 12:33:37.293122,{},,,,{},{},{},
#800401,,2025-11-06 14:03:37.173685+00,,,failed,knowledge_learning,{},t,,,2025-11-06 14:03:37.173685,2025-11-06 14:03:37.173685,{},,,,"{""error"": ""Invalid ID type: progression_id. Must be one of: character_id, user_id, multiverse_event_id, aok_entry, aok_category, aok_review, aok_search, mapping_id, relationship_id, requirement_id, transfer_id, domain_id, knowledge_item_id, tse_evaluation_record_id, belt_progression_id, conversation_id, narrative_segment_id, narrative_path_id, multimedia_asset_id, location_id, tse_coding_teacher, tse_coding_attempt, tse_coding_evaluation, tse_coding_progress, tse_coding_challenge, story_arc_id, terminal_log_id"", ""query"": ""HTML basics"", ""domain"": ""web_development"", ""module"": ""knowledge_learning"", ""startTime"": ""2025-11-06T14:03:37.213Z"", ""characterId"": ""#700005""}",{},{},
#800402,,2025-11-06 14:06:44.614717+00,,,failed,knowledge_learning,{},t,,,2025-11-06 14:06:44.614717,2025-11-06 14:06:44.614717,{},,,,"{""error"": ""Invalid ID type: progression_id. Must be one of: character_id, user_id, multiverse_event_id, aok_entry, aok_category, aok_review, aok_search, mapping_id, relationship_id, requirement_id, transfer_id, domain_id, knowledge_item_id, tse_evaluation_record_id, belt_progression_id, conversation_id, narrative_segment_id, narrative_path_id, multimedia_asset_id, location_id, tse_coding_teacher, tse_coding_attempt, tse_coding_evaluation, tse_coding_progress, tse_coding_challenge, story_arc_id, terminal_log_id"", ""query"": ""How are Tanuki represented in modern media"", ""domain"": ""web_development"", ""module"": ""knowledge_learning"", ""startTime"": ""2025-11-06T14:06:44.651Z"", ""characterId"": ""#700005""}",{},{},
